Patient_ID,Age,Sex,BMI,Blood_Pressure,Glucose_Level,Cholesterol,Heart_Rate,Smoking,Family_History,Physical_Activity,Sleep_Hours,Disease_Prediction
P10001,71.0,Female,51.2,135.0,104.0,134.0,71.0,No,No,Moderate,7.1,No
P10002,29.0,Female,24.0,127.0,124.0,197.0,62.0,No,No,Low,6.9,No
P10003,19.0,Male,18.8,142.0,138.0,186.0,83.0,No,No,Low,4.1,No
P10004,58.0,Female,24.5,104.0,109.0,172.0,61.0,No,Yes,Moderate,7.7,No
P10005,,Female,28.2,95.0,127.0,154.0,85.0,No,No,Moderate,5.1,No
P10006,,Female,20.7,133.0,143.0,166.0,79.0,Yes,No,Moderate,6.4,No
P10007,23.0,Female,27.4,152.0,144.0,175.0,86.0,No,No,High,8.8,No
P10008,41.0,Male,16.5,127.0,143.0,170.0,86.0,Yes,No,Low,5.5,No
P10009,58.0,Male,28.6,115.0,133.0,191.0,59.0,No,No,High,6.1,Yes
P10010,40.0,Female,23.5,138.0,160.0,186.0,62.0,No,No,Low,5.0,No
P10011,70.0,Male,19.7,146.0,82.0,162.0,49.0,No,No,Low,4.9,No
P10012,67.0,Female,31.5,104.0,158.0,214.0,59.0,No,No,Moderate,6.7,No
P10013,62.0,Male,28.4,118.0,110.0,211.0,63.0,Yes,No,Low,7.6,No
P10014,75.0,Female,30.7,140.0,65.0,148.0,85.0,No,No,Moderate,6.6,Yes
P10015,63.0,Male,27.7,127.0,112.0,240.0,82.0,No,Yes,High,6.4,Yes
P10016,29.0,Male,27.8,111.0,118.0,194.0,56.0,No,Yes,High,6.9,No
P10017,72.0,Male,24.3,119.0,68.0,223.0,84.0,No,No,Moderate,8.1,No
P10018,59.0,Female,28.2,109.0,109.0,174.0,69.0,Yes,No,Low,5.7,Yes
P10019,,Male,25.8,100.0,65.0,161.0,78.0,Yes,No,High,8.4,No
P10020,36.0,Female,23.1,129.0,159.0,203.0,76.0,Yes,No,Moderate,5.5,Yes
P10021,28.0,Male,25.3,103.0,100.0,164.0,73.0,No,Yes,Moderate,6.1,No
P10022,78.0,Female,20.0,122.0,108.0,239.0,89.0,No,No,Low,8.2,No
P10023,63.0,Female,26.0,109.0,137.0,282.0,59.0,No,Yes,Moderate,7.1,No
P10024,75.0,Male,28.3,130.0,108.0,230.0,82.0,No,No,Moderate,7.1,Yes
P10025,35.0,Female,26.8,118.0,70.0,,91.0,No,Yes,High,5.2,No
P10026,58.0,Female,28.9,119.0,65.0,186.0,72.0,No,No,Moderate,,No
P10027,56.0,Male,24.7,99.0,128.0,170.0,69.0,Yes,No,Low,8.4,Yes
P10028,65.0,Female,26.3,127.0,132.0,194.0,65.0,No,No,Moderate,6.7,No
P10029,25.0,Female,26.3,116.0,95.0,170.0,78.0,No,Yes,Low,8.2,No
P10030,50.0,Female,35.4,111.0,65.0,179.0,80.0,Yes,No,High,6.8,No
P10031,58.0,Female,19.9,130.0,118.0,251.0,79.0,Yes,No,High,5.1,Yes
P10032,70.0,Female,35.8,138.0,107.0,188.0,51.0,No,No,Moderate,6.8,Yes
P10033,59.0,Male,22.7,150.0,126.0,,94.0,No,No,Moderate,7.5,Yes
P10034,46.0,Male,24.6,126.0,84.0,241.0,86.0,No,Yes,Low,7.6,No
P10035,46.0,Female,27.5,127.0,65.0,207.0,74.0,No,No,Moderate,7.1,No
P10036,39.0,Female,28.9,108.0,92.0,216.0,82.0,Yes,No,Moderate,6.8,No
P10037,27.0,Male,26.0,112.0,,208.0,61.0,,Yes,Low,8.3,No
P10038,35.0,Male,27.2,142.0,139.0,171.0,80.0,Yes,No,High,8.0,Yes
P10039,27.0,Female,32.8,116.0,98.0,193.0,68.0,No,No,Low,5.9,No
P10040,32.0,Male,38.6,152.0,91.0,227.0,80.0,No,No,Moderate,5.9,No
P10041,71.0,Male,28.1,,65.0,152.0,64.0,,No,Low,7.6,No
P10042,51.0,Female,29.5,121.0,144.0,183.0,71.0,No,No,Low,5.2,Yes
P10043,23.0,Female,25.7,120.0,94.0,218.0,81.0,No,No,Moderate,6.4,No
P10044,45.0,Female,34.1,113.0,86.0,223.0,70.0,No,No,Low,6.4,No
P10045,35.0,Female,25.6,119.0,81.0,204.0,78.0,No,Yes,High,5.8,No
P10046,59.0,Female,28.6,121.0,96.0,,75.0,Yes,No,Moderate,8.9,No
P10047,70.0,Male,21.2,126.0,120.0,218.0,90.0,No,No,Low,7.2,No
P10048,18.0,Male,16.0,122.0,96.0,213.0,85.0,No,No,Moderate,6.0,No
P10049,47.0,Female,37.0,140.0,148.0,204.0,78.0,No,No,High,5.0,No
P10050,46.0,Female,31.3,163.0,127.0,204.0,101.0,Yes,No,Low,5.8,Yes
P10051,80.0,Male,30.6,136.0,119.0,215.0,80.0,No,No,Moderate,7.5,No
P10052,41.0,Female,21.8,130.0,147.0,180.0,69.0,No,Yes,Moderate,6.4,No
P10053,28.0,Male,18.4,108.0,72.0,240.0,95.0,Yes,No,Moderate,6.7,No
P10054,30.0,Male,25.1,115.0,112.0,251.0,72.0,No,No,Moderate,6.8,No
P10055,48.0,Female,26.8,97.0,132.0,194.0,72.0,Yes,No,Moderate,5.2,No
P10056,55.0,Female,29.6,132.0,335.0,114.0,65.0,Yes,No,Moderate,7.5,No
P10057,38.0,Male,26.3,100.0,95.0,157.0,74.0,No,,,7.7,No
P10058,45.0,Female,32.3,135.0,72.0,229.0,84.0,No,Yes,Moderate,7.8,No
P10059,59.0,Female,27.9,112.0,65.0,165.0,56.0,No,Yes,Moderate,5.9,No
P10060,36.0,Male,,130.0,123.0,220.0,74.0,No,Yes,Moderate,6.4,No
P10061,78.0,Female,31.7,132.0,105.0,155.0,58.0,No,Yes,Moderate,7.5,No
P10062,31.0,Male,23.0,94.0,103.0,223.0,91.0,No,Yes,High,7.6,No
P10063,76.0,Male,28.0,111.0,113.0,206.0,76.0,No,No,Low,6.9,Yes
P10064,73.0,Female,23.6,130.0,106.0,203.0,91.0,Yes,Yes,Low,7.7,No
P10065,78.0,Female,23.0,132.0,93.0,187.0,75.0,No,Yes,,6.1,Yes
P10066,68.0,Female,33.4,137.0,130.0,217.0,57.0,No,Yes,Moderate,6.1,Yes
P10067,51.0,Male,31.4,119.0,68.0,159.0,71.0,No,No,Low,6.2,No
P10068,56.0,Female,28.8,123.0,74.0,214.0,114.0,No,No,Low,,No
P10069,31.0,Male,32.4,153.0,69.0,193.0,76.0,No,No,High,5.0,No
P10070,39.0,Female,28.0,127.0,98.0,264.0,88.0,No,Yes,Low,5.1,No
P10071,47.0,Male,32.6,137.0,127.0,125.0,66.0,Yes,Yes,Moderate,7.0,No
P10072,77.0,Female,22.2,120.0,85.0,209.0,71.0,,No,Moderate,6.4,No
P10073,68.0,Female,25.5,100.0,112.0,176.0,85.0,Yes,No,High,3.5,Yes
P10074,53.0,Female,28.0,131.0,136.0,221.0,90.0,No,Yes,Moderate,6.2,No
P10075,55.0,Male,21.5,133.0,161.0,237.0,88.0,No,Yes,Low,6.7,No
P10076,45.0,Female,23.0,139.0,134.0,149.0,64.0,Yes,No,High,7.8,No
P10077,44.0,Female,20.3,110.0,93.0,255.0,57.0,Yes,Yes,Moderate,6.6,No
P10078,74.0,Male,29.5,113.0,65.0,185.0,59.0,Yes,No,Low,7.2,No
P10079,18.0,Male,24.0,89.0,65.0,193.0,67.0,Yes,No,Moderate,6.6,No
P10080,38.0,Male,27.5,,91.0,,71.0,Yes,No,High,7.3,No
P10081,43.0,Male,28.7,137.0,112.0,115.0,81.0,No,No,High,,No
P10082,61.0,Female,25.5,113.0,95.0,182.0,55.0,,Yes,Low,5.5,No
P10083,43.0,Female,26.4,117.0,167.0,153.0,59.0,Yes,No,High,6.0,Yes
P10084,37.0,Male,26.9,121.0,70.0,138.0,78.0,No,No,Low,6.3,No
P10085,22.0,Male,28.3,149.0,90.0,245.0,76.0,No,Yes,Moderate,5.0,No
P10086,34.0,Male,32.6,139.0,65.0,243.0,71.0,No,No,Moderate,7.4,No
P10087,24.0,Female,21.0,142.0,143.0,213.0,95.0,No,Yes,Moderate,7.0,No
P10088,62.0,Male,26.7,122.0,90.0,390.0,64.0,No,Yes,Low,5.6,Yes
P10089,44.0,Female,20.6,117.0,65.0,244.0,85.0,No,No,Moderate,7.8,No
P10090,32.0,Male,33.1,142.0,103.0,205.0,77.0,No,Yes,Low,6.6,No
P10091,52.0,Male,17.6,97.0,152.0,192.0,72.0,No,No,High,8.0,No
P10092,49.0,Female,27.0,132.0,167.0,170.0,66.0,No,No,,6.6,Yes
P10093,47.0,Male,24.3,103.0,101.0,206.0,56.0,No,No,Moderate,8.7,No
P10094,54.0,Female,23.5,137.0,127.0,193.0,61.0,No,No,Low,6.0,No
P10095,57.0,Female,29.6,132.0,95.0,188.0,71.0,No,Yes,Moderate,7.8,Yes
P10096,29.0,Male,28.8,110.0,101.0,188.0,66.0,No,Yes,High,8.6,No
P10097,27.0,Female,21.7,,92.0,226.0,66.0,Yes,No,Moderate,7.0,No
P10098,64.0,Female,28.4,106.0,155.0,222.0,74.0,No,No,Low,6.0,No
P10099,79.0,Male,27.6,107.0,87.0,252.0,89.0,Yes,No,Low,7.0,No
P10100,52.0,Male,22.7,118.0,65.0,190.0,81.0,No,No,High,6.8,No
P10101,46.0,Male,19.3,112.0,74.0,155.0,76.0,Yes,No,High,5.7,Yes
P10102,57.0,Female,30.0,140.0,89.0,207.0,64.0,Yes,No,Moderate,8.3,No
P10103,20.0,Male,29.5,157.0,,139.0,72.0,No,Yes,Low,5.6,No
P10104,41.0,Female,28.7,124.0,91.0,167.0,78.0,No,,Moderate,7.1,No
P10105,40.0,Male,23.7,124.0,114.0,241.0,67.0,Yes,No,Low,7.9,Yes
P10106,44.0,Female,32.0,136.0,114.0,263.0,80.0,Yes,No,Low,8.0,No
P10107,64.0,Female,42.5,119.0,97.0,219.0,75.0,No,Yes,Moderate,7.5,No
P10108,49.0,Male,27.0,131.0,128.0,208.0,81.0,Yes,No,Moderate,8.3,Yes
P10109,71.0,Female,28.7,94.0,80.0,189.0,108.0,No,Yes,Low,5.5,Yes
P10110,47.0,Female,22.3,113.0,77.0,206.0,78.0,Yes,Yes,Moderate,5.6,No
P10111,20.0,Male,22.4,99.0,136.0,203.0,80.0,No,No,Moderate,7.5,No
P10112,60.0,Male,34.5,93.0,110.0,213.0,71.0,Yes,Yes,High,7.1,Yes
P10113,68.0,Female,37.0,139.0,65.0,171.0,84.0,No,No,Moderate,6.9,No
P10114,54.0,Female,25.0,119.0,94.0,209.0,67.0,Yes,Yes,Low,6.2,Yes
P10115,77.0,Female,23.1,149.0,124.0,148.0,77.0,No,No,Moderate,6.0,No
P10116,44.0,Female,21.8,148.0,152.0,141.0,55.0,No,,High,8.2,Yes
P10117,68.0,Male,23.3,123.0,128.0,244.0,95.0,No,Yes,High,7.4,Yes
P10118,18.0,Female,26.4,117.0,117.0,315.0,87.0,No,Yes,Moderate,9.1,No
P10119,20.0,Male,20.2,112.0,139.0,209.0,64.0,No,Yes,High,6.1,Yes
P10120,68.0,Female,22.8,85.0,138.0,203.0,93.0,No,No,Moderate,7.3,No
P10121,73.0,Female,30.6,115.0,142.0,253.0,79.0,Yes,Yes,Moderate,8.0,Yes
P10122,50.0,Female,25.3,119.0,74.0,151.0,83.0,No,No,High,7.1,No
P10123,65.0,Male,22.4,113.0,105.0,142.0,78.0,No,Yes,Low,5.9,No
P10124,38.0,Female,20.5,108.0,65.0,229.0,73.0,Yes,No,Moderate,5.3,No
P10125,63.0,Female,31.2,122.0,139.0,256.0,85.0,No,Yes,Moderate,7.6,Yes
P10126,49.0,Female,21.1,118.0,88.0,224.0,71.0,No,No,Moderate,6.5,No
P10127,37.0,Male,25.4,126.0,77.0,194.0,63.0,Yes,No,High,6.1,No
P10128,23.0,Male,30.9,108.0,162.0,269.0,90.0,No,Yes,High,7.4,Yes
P10129,29.0,Male,28.7,154.0,75.0,182.0,75.0,No,No,Moderate,6.1,No
P10130,74.0,Female,27.5,132.0,96.0,197.0,85.0,No,No,High,8.2,No
P10131,45.0,Female,,121.0,107.0,185.0,75.0,No,Yes,Moderate,6.1,No
P10132,80.0,Male,21.6,111.0,102.0,156.0,85.0,Yes,No,Moderate,7.0,No
P10133,40.0,Female,22.7,108.0,141.0,193.0,57.0,,Yes,High,7.5,No
P10134,21.0,Male,23.9,136.0,125.0,197.0,84.0,No,Yes,High,8.0,No
P10135,34.0,Female,16.0,117.0,78.0,197.0,81.0,No,Yes,High,9.0,No
P10136,40.0,Female,24.1,124.0,131.0,223.0,66.0,No,Yes,Moderate,5.7,No
P10137,62.0,Female,25.6,130.0,99.0,179.0,83.0,Yes,Yes,High,,Yes
P10138,63.0,Female,25.7,115.0,90.0,250.0,83.0,Yes,No,High,7.5,Yes
P10139,64.0,Male,25.5,128.0,125.0,190.0,77.0,No,,Moderate,6.8,No
P10140,,Male,27.1,94.0,120.0,162.0,85.0,No,No,Moderate,6.3,Yes
P10141,41.0,Female,27.4,108.0,111.0,159.0,68.0,Yes,Yes,Moderate,5.9,No
P10142,53.0,Female,33.9,93.0,82.0,186.0,65.0,No,Yes,Moderate,8.1,No
P10143,56.0,Female,26.8,117.0,110.0,194.0,59.0,Yes,No,Low,8.2,Yes
P10144,44.0,Female,30.2,117.0,71.0,217.0,82.0,No,No,Moderate,8.3,No
P10145,29.0,Male,23.3,152.0,130.0,207.0,78.0,No,Yes,Moderate,7.3,Yes
P10146,66.0,Female,27.7,111.0,98.0,244.0,57.0,No,No,High,9.2,No
P10147,50.0,Male,27.5,126.0,104.0,184.0,83.0,No,,High,6.6,No
P10148,78.0,Female,25.0,130.0,127.0,227.0,86.0,Yes,No,Low,8.7,Yes
P10149,77.0,Female,,146.0,101.0,205.0,98.0,No,No,Moderate,5.4,Yes
P10150,73.0,Male,19.7,131.0,121.0,226.0,76.0,No,Yes,Moderate,6.5,Yes
P10151,78.0,Male,28.3,135.0,,175.0,93.0,Yes,Yes,Moderate,6.5,Yes
P10152,57.0,Male,25.9,152.0,115.0,235.0,59.0,Yes,Yes,Moderate,4.4,Yes
P10153,36.0,Male,25.0,97.0,134.0,164.0,90.0,No,Yes,High,9.1,Yes
P10154,28.0,Male,22.9,114.0,65.0,285.0,87.0,No,No,Moderate,7.4,No
P10155,24.0,Female,26.6,,93.0,143.0,73.0,No,No,Low,7.2,No
P10156,77.0,Male,28.9,122.0,110.0,184.0,85.0,No,Yes,Low,7.2,No
P10157,35.0,Female,35.1,113.0,102.0,199.0,53.0,Yes,No,Moderate,7.4,No
P10158,19.0,Male,26.1,140.0,120.0,259.0,77.0,No,Yes,Low,8.9,No
P10159,20.0,Female,25.4,113.0,141.0,268.0,81.0,No,No,High,8.8,No
P10160,36.0,Male,27.5,113.0,109.0,164.0,77.0,No,No,Moderate,6.7,No
P10161,79.0,Male,31.8,131.0,120.0,248.0,85.0,No,No,Low,7.1,Yes
P10162,35.0,Male,37.3,112.0,119.0,148.0,85.0,No,No,Moderate,7.0,No
P10163,24.0,Female,28.9,107.0,136.0,271.0,60.0,No,No,Low,7.6,No
P10164,60.0,Male,19.4,102.0,129.0,184.0,81.0,Yes,Yes,Moderate,6.9,No
P10165,21.0,Female,26.4,121.0,152.0,223.0,68.0,No,No,Moderate,7.4,No
P10166,48.0,Female,20.8,139.0,139.0,211.0,89.0,No,No,High,8.0,No
P10167,23.0,Female,21.7,136.0,89.0,170.0,79.0,No,No,Moderate,8.1,No
P10168,23.0,Female,34.9,130.0,115.0,205.0,87.0,Yes,No,Low,7.5,No
P10169,40.0,Female,24.6,125.0,136.0,218.0,104.0,No,No,Low,6.7,Yes
P10170,18.0,Female,22.9,114.0,111.0,158.0,90.0,No,No,Moderate,6.9,No
P10171,71.0,Female,32.9,122.0,65.0,217.0,52.0,No,No,Moderate,7.1,Yes
P10172,56.0,Female,,104.0,,197.0,63.0,No,No,High,7.7,No
P10173,76.0,Male,20.9,126.0,120.0,173.0,77.0,No,Yes,Moderate,7.2,Yes
P10174,48.0,Female,26.6,139.0,116.0,242.0,80.0,Yes,Yes,High,8.5,No
P10175,53.0,Male,19.6,97.0,117.0,175.0,78.0,No,Yes,Low,6.8,No
P10176,,Male,22.2,144.0,83.0,140.0,76.0,No,No,Low,6.0,No
P10177,47.0,Female,27.2,89.0,108.0,229.0,86.0,Yes,Yes,Moderate,7.9,Yes
P10178,53.0,Female,16.0,111.0,97.0,165.0,68.0,No,No,Low,5.1,No
P10179,54.0,Male,29.8,106.0,83.0,206.0,81.0,No,No,Moderate,7.9,No
P10180,74.0,Female,27.6,112.0,112.0,166.0,72.0,Yes,No,High,6.9,Yes
P10181,37.0,Male,30.4,117.0,119.0,251.0,88.0,Yes,,High,6.4,Yes
P10182,75.0,Male,24.5,143.0,140.0,209.0,79.0,No,No,Moderate,6.3,No
P10183,28.0,Male,28.4,107.0,116.0,229.0,65.0,No,No,Moderate,5.2,No
P10184,29.0,Female,21.6,108.0,103.0,179.0,65.0,No,Yes,Moderate,4.8,No
P10185,34.0,Male,22.0,111.0,125.0,166.0,99.0,No,No,Low,6.5,No
P10186,77.0,Female,26.9,114.0,140.0,199.0,84.0,No,No,High,7.6,Yes
P10187,33.0,Female,26.5,113.0,137.0,225.0,85.0,No,No,Moderate,6.0,No
P10188,67.0,Male,26.4,102.0,101.0,226.0,71.0,Yes,Yes,Moderate,8.1,Yes
P10189,54.0,Male,32.9,127.0,111.0,261.0,72.0,No,Yes,Moderate,5.8,No
P10190,58.0,Female,25.1,121.0,99.0,214.0,53.0,No,No,Moderate,7.5,No
P10191,22.0,Male,28.6,139.0,172.0,262.0,85.0,Yes,No,Moderate,6.7,Yes
P10192,59.0,Female,28.1,143.0,138.0,160.0,76.0,Yes,No,Moderate,6.1,No
P10193,22.0,Male,27.2,98.0,145.0,189.0,89.0,No,No,Moderate,5.6,No
P10194,52.0,Female,28.4,148.0,79.0,165.0,91.0,No,No,Moderate,8.2,No
P10195,67.0,Female,18.1,131.0,119.0,208.0,78.0,Yes,No,Moderate,6.8,Yes
P10196,75.0,Female,,143.0,150.0,167.0,81.0,Yes,No,Moderate,4.8,Yes
P10197,80.0,Female,31.7,122.0,71.0,221.0,89.0,No,No,High,6.4,No
P10198,32.0,Female,25.0,,105.0,202.0,72.0,Yes,No,Low,5.6,No
P10199,66.0,Female,29.8,132.0,65.0,212.0,86.0,No,No,Moderate,6.5,No
P10200,55.0,Female,28.7,145.0,198.0,214.0,55.0,No,No,Low,8.5,No
P10201,64.0,Male,16.0,113.0,115.0,191.0,,No,No,Low,7.9,No
P10202,69.0,Male,20.1,113.0,93.0,243.0,73.0,No,No,Low,7.5,Yes
P10203,47.0,Female,23.2,119.0,135.0,282.0,78.0,No,No,Moderate,6.6,Yes
P10204,26.0,Male,23.1,145.0,97.0,223.0,65.0,Yes,No,Low,7.9,No
P10205,67.0,Female,24.3,148.0,128.0,209.0,67.0,No,,Low,7.8,No
P10206,56.0,Female,24.3,105.0,95.0,224.0,69.0,,No,Low,8.1,No
P10207,26.0,Female,22.5,132.0,143.0,180.0,76.0,No,,Low,5.6,No
P10208,43.0,Male,23.2,123.0,89.0,171.0,67.0,No,Yes,Moderate,7.4,Yes
P10209,27.0,Female,17.0,120.0,113.0,178.0,59.0,No,No,Moderate,8.3,No
P10210,66.0,Male,35.7,132.0,78.0,221.0,98.0,No,No,High,5.5,No
P10211,39.0,Male,33.1,153.0,,215.0,83.0,No,Yes,High,7.1,No
P10212,22.0,Male,30.6,133.0,105.0,262.0,66.0,No,Yes,High,6.4,No
P10213,35.0,Female,26.0,116.0,71.0,150.0,72.0,Yes,Yes,High,6.3,Yes
P10214,56.0,Male,22.0,113.0,163.0,224.0,75.0,No,No,Low,6.5,No
P10215,55.0,Female,38.1,132.0,103.0,256.0,81.0,,No,High,6.2,Yes
P10216,71.0,Female,21.9,128.0,109.0,158.0,65.0,Yes,No,Moderate,6.2,No
P10217,40.0,Female,33.2,142.0,137.0,236.0,68.0,,Yes,High,7.0,No
P10218,57.0,Female,27.9,146.0,80.0,225.0,84.0,Yes,Yes,High,7.6,No
P10219,77.0,Male,22.0,128.0,76.0,204.0,106.0,No,No,Low,6.4,Yes
P10220,38.0,Male,22.5,134.0,89.0,145.0,84.0,No,No,Moderate,7.0,No
P10221,19.0,Female,24.4,151.0,141.0,176.0,76.0,No,No,High,4.8,No
P10222,59.0,Male,23.4,145.0,79.0,234.0,61.0,No,,Moderate,8.2,No
P10223,55.0,Female,19.6,109.0,187.0,241.0,83.0,No,No,Moderate,6.9,No
P10224,39.0,Female,28.4,101.0,116.0,198.0,64.0,No,Yes,Low,6.2,No
P10225,53.0,Male,22.0,102.0,120.0,194.0,87.0,No,Yes,Moderate,3.7,No
P10226,60.0,Male,30.0,96.0,123.0,252.0,74.0,No,No,Low,7.6,Yes
P10227,69.0,Female,25.5,130.0,90.0,210.0,68.0,Yes,Yes,High,5.7,Yes
P10228,26.0,Female,,104.0,108.0,225.0,90.0,No,Yes,Moderate,8.2,No
P10229,47.0,Male,26.9,135.0,91.0,231.0,74.0,No,No,Low,5.8,No
P10230,35.0,Male,24.5,111.0,106.0,134.0,69.0,No,No,,4.7,No
P10231,39.0,Male,25.9,139.0,102.0,320.0,76.0,No,Yes,Moderate,7.9,Yes
P10232,20.0,Female,27.2,134.0,,226.0,101.0,No,No,Low,7.1,No
P10233,44.0,Female,37.4,126.0,115.0,276.0,81.0,No,No,Low,4.2,No
P10234,23.0,Female,20.2,131.0,110.0,177.0,78.0,No,,Low,9.0,No
P10235,76.0,Male,23.0,103.0,105.0,,56.0,No,No,Low,5.8,No
P10236,52.0,Female,24.5,85.0,87.0,225.0,95.0,No,No,Moderate,3.7,No
P10237,44.0,Female,20.3,115.0,82.0,143.0,61.0,No,No,Low,9.4,No
P10238,32.0,Female,19.9,131.0,103.0,179.0,77.0,No,No,Moderate,5.8,No
P10239,77.0,Male,18.9,102.0,146.0,201.0,73.0,No,Yes,Low,5.3,No
P10240,50.0,Male,26.0,134.0,124.0,155.0,76.0,No,No,High,6.9,No
P10241,80.0,Female,23.7,133.0,91.0,206.0,76.0,No,No,Moderate,7.1,No
P10242,59.0,Female,27.1,125.0,86.0,202.0,60.0,No,No,Moderate,6.1,No
P10243,80.0,Female,19.4,127.0,100.0,194.0,74.0,No,No,High,7.7,No
P10244,73.0,Female,22.0,122.0,140.0,183.0,65.0,No,No,High,7.1,No
P10245,64.0,Male,30.6,126.0,139.0,253.0,62.0,No,No,Moderate,9.2,Yes
P10246,40.0,Female,29.8,103.0,97.0,205.0,73.0,No,No,Moderate,7.2,No
P10247,66.0,Male,18.7,140.0,91.0,212.0,87.0,No,Yes,High,6.1,Yes
P10248,38.0,Female,30.2,129.0,123.0,219.0,79.0,No,Yes,Moderate,7.9,No
P10249,72.0,Male,23.6,132.0,86.0,176.0,67.0,No,No,Moderate,7.1,No
P10250,37.0,Female,20.9,111.0,101.0,194.0,87.0,No,Yes,Low,7.0,No
P10251,22.0,Female,29.7,99.0,157.0,290.0,95.0,No,Yes,High,6.7,No
P10252,25.0,Female,30.5,143.0,90.0,179.0,61.0,No,No,Moderate,8.6,No
P10253,46.0,Male,16.0,100.0,112.0,264.0,60.0,,No,High,8.0,No
P10254,59.0,Female,30.3,118.0,108.0,136.0,96.0,No,No,Low,7.0,No
P10255,36.0,Male,23.8,,136.0,,,No,Yes,Low,7.0,No
P10256,69.0,Female,23.6,127.0,116.0,183.0,86.0,No,No,Low,,No
P10257,34.0,Male,24.3,128.0,67.0,213.0,68.0,Yes,No,High,5.4,No
P10258,47.0,Female,31.2,123.0,78.0,228.0,80.0,,Yes,Moderate,6.0,No
P10259,39.0,Male,32.1,100.0,125.0,224.0,83.0,No,No,Moderate,6.8,No
P10260,53.0,Female,27.7,119.0,107.0,174.0,61.0,Yes,No,Low,6.2,No
P10261,29.0,Female,29.8,122.0,94.0,163.0,90.0,No,No,High,6.9,No
P10262,78.0,Female,36.2,132.0,68.0,224.0,,Yes,Yes,High,8.7,No
P10263,76.0,Male,25.9,127.0,116.0,250.0,76.0,Yes,No,Moderate,3.9,Yes
P10264,62.0,Female,21.1,141.0,95.0,226.0,71.0,No,No,Moderate,5.9,Yes
P10265,51.0,Male,28.5,137.0,129.0,257.0,81.0,No,Yes,Low,6.4,No
P10266,64.0,Female,29.3,103.0,118.0,177.0,82.0,Yes,No,High,,No
P10267,47.0,Female,25.2,124.0,82.0,168.0,66.0,No,No,Moderate,7.2,No
P10268,74.0,Male,25.1,130.0,71.0,188.0,89.0,Yes,No,Low,7.2,Yes
P10269,22.0,Male,36.3,115.0,92.0,240.0,73.0,Yes,Yes,Moderate,7.2,No
P10270,31.0,Male,24.8,147.0,119.0,190.0,80.0,Yes,Yes,High,6.7,No
P10271,46.0,Female,21.7,114.0,129.0,162.0,83.0,No,No,Moderate,9.2,No
P10272,58.0,Male,16.0,102.0,65.0,234.0,72.0,No,No,High,5.6,No
P10273,62.0,Male,29.9,95.0,149.0,181.0,76.0,Yes,Yes,Moderate,5.5,Yes
P10274,63.0,Male,32.1,116.0,116.0,176.0,86.0,No,No,Moderate,7.9,No
P10275,77.0,Female,20.4,116.0,99.0,153.0,60.0,No,No,High,6.9,No
P10276,71.0,Female,28.8,117.0,65.0,222.0,73.0,No,Yes,High,6.0,No
P10277,75.0,Male,24.4,88.0,77.0,207.0,100.0,No,Yes,Moderate,7.2,No
P10278,39.0,Female,26.4,123.0,143.0,238.0,69.0,No,No,Moderate,6.9,No
P10279,61.0,Female,23.2,142.0,110.0,189.0,94.0,Yes,Yes,High,5.7,Yes
P10280,61.0,Male,26.0,113.0,111.0,210.0,90.0,No,No,,6.6,Yes
P10281,56.0,Male,30.2,133.0,98.0,,89.0,No,Yes,Low,7.6,No
P10282,56.0,Female,23.6,114.0,93.0,168.0,87.0,No,Yes,Low,6.4,Yes
P10283,51.0,Male,22.8,110.0,98.0,274.0,75.0,Yes,No,High,9.1,No
P10284,43.0,Male,21.2,145.0,134.0,210.0,80.0,Yes,No,,5.5,No
P10285,26.0,Male,31.5,135.0,134.0,197.0,94.0,No,No,High,5.8,No
P10286,24.0,Female,22.1,138.0,127.0,224.0,60.0,No,No,Low,8.2,No
P10287,18.0,Male,29.1,161.0,101.0,213.0,92.0,No,Yes,Moderate,7.6,No
P10288,40.0,Male,20.1,124.0,120.0,191.0,73.0,No,No,Low,6.3,No
P10289,41.0,Female,16.0,124.0,155.0,209.0,96.0,No,No,Low,8.1,No
P10290,78.0,Female,23.4,126.0,134.0,233.0,95.0,,No,Low,5.9,Yes
P10291,33.0,Female,27.2,147.0,149.0,267.0,85.0,No,,Moderate,7.9,No
P10292,31.0,Female,31.3,139.0,67.0,248.0,88.0,No,No,Low,6.5,No
P10293,20.0,Male,29.9,110.0,65.0,255.0,69.0,No,No,Moderate,5.7,No
P10294,25.0,Female,27.6,111.0,133.0,234.0,85.0,No,No,Moderate,4.8,No
P10295,59.0,Female,16.0,130.0,104.0,208.0,82.0,Yes,No,Moderate,7.3,No
P10296,41.0,Male,28.4,132.0,65.0,167.0,,No,Yes,Moderate,5.8,Yes
P10297,57.0,Male,19.0,132.0,131.0,196.0,94.0,No,Yes,Low,9.7,No
P10298,24.0,Female,22.8,133.0,142.0,180.0,76.0,Yes,No,Moderate,7.9,No
P10299,66.0,Male,34.7,121.0,119.0,231.0,69.0,No,No,High,6.5,No
P10300,34.0,Female,30.9,134.0,113.0,116.0,76.0,No,No,Moderate,6.1,No
P10301,21.0,Female,20.9,134.0,65.0,190.0,79.0,No,No,Moderate,9.1,No
P10302,75.0,Female,24.5,110.0,141.0,224.0,72.0,No,No,Moderate,8.5,No
P10303,40.0,Male,29.9,104.0,184.0,218.0,81.0,No,No,Moderate,7.6,No
P10304,38.0,Male,25.4,128.0,187.0,218.0,81.0,Yes,Yes,Low,5.8,No
P10305,21.0,Female,25.1,117.0,110.0,217.0,74.0,No,No,Moderate,7.5,No
P10306,54.0,Female,20.8,101.0,114.0,153.0,92.0,Yes,No,Low,5.0,No
P10307,35.0,Female,,136.0,133.0,255.0,66.0,No,No,High,6.4,Yes
P10308,33.0,Male,29.3,131.0,74.0,237.0,85.0,No,No,High,8.6,No
P10309,60.0,Female,22.3,146.0,93.0,251.0,81.0,No,No,Low,6.0,No
P10310,60.0,Male,16.4,123.0,130.0,214.0,72.0,No,Yes,Low,5.4,Yes
P10311,27.0,Female,34.8,125.0,118.0,191.0,82.0,No,No,Moderate,5.8,No
P10312,26.0,Male,22.8,101.0,93.0,237.0,52.0,No,No,High,5.0,No
P10313,33.0,Female,28.2,147.0,106.0,181.0,80.0,No,No,High,6.7,No
P10314,67.0,Female,22.1,134.0,73.0,164.0,82.0,Yes,No,Moderate,6.2,Yes
P10315,34.0,Male,22.6,138.0,97.0,133.0,75.0,No,No,Moderate,7.7,No
P10316,44.0,Female,30.8,120.0,143.0,172.0,76.0,No,No,Moderate,8.2,Yes
P10317,26.0,Male,24.7,,90.0,196.0,66.0,No,No,Low,5.4,No
P10318,29.0,Female,29.9,129.0,87.0,146.0,62.0,Yes,No,Low,7.6,No
P10319,59.0,Male,30.0,112.0,96.0,138.0,63.0,No,Yes,High,9.9,No
P10320,65.0,Female,23.7,111.0,73.0,180.0,73.0,Yes,No,High,6.5,No
P10321,72.0,Male,27.6,156.0,129.0,240.0,57.0,No,No,Moderate,7.6,No
P10322,52.0,Female,29.9,129.0,65.0,191.0,67.0,No,No,Moderate,7.7,No
P10323,35.0,Male,32.1,113.0,81.0,212.0,86.0,No,No,Low,6.4,No
P10324,45.0,Female,24.9,101.0,117.0,161.0,72.0,Yes,Yes,Moderate,5.3,No
P10325,27.0,Male,26.3,105.0,65.0,208.0,61.0,No,No,Low,6.6,No
P10326,33.0,Female,21.7,,155.0,222.0,90.0,No,Yes,Low,4.7,No
P10327,48.0,Female,30.0,108.0,,153.0,69.0,,No,Low,7.3,Yes
P10328,67.0,Female,26.7,106.0,111.0,183.0,65.0,No,No,Moderate,6.1,No
P10329,34.0,Female,19.8,120.0,147.0,188.0,65.0,No,No,Low,7.4,No
P10330,41.0,Female,24.6,130.0,118.0,216.0,88.0,Yes,Yes,Low,6.4,No
P10331,20.0,Female,25.7,144.0,128.0,179.0,76.0,No,No,High,6.8,No
P10332,20.0,Female,23.4,111.0,144.0,138.0,75.0,No,No,High,,No
P10333,52.0,Male,22.8,113.0,176.0,181.0,82.0,No,Yes,Low,5.9,Yes
P10334,78.0,Male,18.4,130.0,117.0,256.0,75.0,No,No,High,6.3,Yes
P10335,54.0,Male,26.7,116.0,182.0,252.0,78.0,No,Yes,Low,5.1,No
P10336,19.0,Female,24.2,137.0,144.0,181.0,66.0,No,No,High,7.3,No
P10337,54.0,Female,30.6,116.0,159.0,170.0,80.0,No,No,Moderate,8.1,No
P10338,25.0,Male,25.8,102.0,112.0,165.0,65.0,No,No,Low,8.4,No
P10339,61.0,Male,30.3,112.0,,187.0,77.0,No,Yes,Low,5.5,No
P10340,47.0,Female,20.6,99.0,179.0,209.0,57.0,No,No,Moderate,6.8,No
P10341,40.0,Male,28.1,115.0,92.0,232.0,78.0,Yes,No,Moderate,7.9,No
P10342,31.0,Female,29.7,131.0,75.0,,88.0,No,Yes,High,6.8,No
P10343,29.0,Male,29.8,125.0,180.0,195.0,81.0,No,No,Moderate,7.9,No
P10344,39.0,Female,25.0,122.0,65.0,269.0,75.0,Yes,No,Moderate,7.8,Yes
P10345,46.0,Female,22.1,103.0,140.0,243.0,,No,Yes,Moderate,7.2,No
P10346,53.0,Female,34.3,112.0,90.0,193.0,73.0,No,No,,6.6,No
P10347,61.0,Female,25.4,117.0,104.0,149.0,49.0,No,No,Moderate,7.9,No
P10348,78.0,Male,20.6,128.0,65.0,199.0,86.0,No,Yes,Moderate,6.4,No
P10349,20.0,Male,25.3,164.0,104.0,262.0,81.0,No,No,Moderate,6.1,Yes
P10350,76.0,Male,27.9,113.0,68.0,196.0,65.0,Yes,No,Moderate,7.0,No
P10351,53.0,Male,22.9,139.0,107.0,269.0,75.0,No,No,Moderate,7.0,No
P10352,22.0,Female,28.3,105.0,122.0,162.0,89.0,Yes,No,Moderate,6.0,No
P10353,72.0,Female,30.6,107.0,65.0,272.0,62.0,Yes,No,Moderate,8.2,No
P10354,71.0,Female,26.1,92.0,138.0,185.0,76.0,Yes,Yes,Moderate,4.6,Yes
P10355,36.0,Female,31.2,111.0,137.0,168.0,82.0,No,No,Low,7.9,Yes
P10356,28.0,Female,25.8,140.0,65.0,184.0,68.0,Yes,Yes,Low,8.0,No
P10357,36.0,Male,24.1,123.0,94.0,180.0,,No,No,Moderate,7.8,No
P10358,69.0,Female,33.9,143.0,85.0,143.0,66.0,No,No,Moderate,8.1,No
P10359,75.0,Male,29.4,116.0,217.0,169.0,89.0,No,No,Low,7.0,Yes
P10360,36.0,Female,26.9,141.0,109.0,114.0,72.0,No,No,Low,6.1,No
P10361,47.0,Female,17.8,115.0,66.0,249.0,67.0,No,No,Moderate,10.1,No
P10362,,Female,19.8,138.0,114.0,226.0,79.0,No,No,Low,9.0,No
P10363,29.0,Female,18.4,150.0,69.0,181.0,56.0,No,No,Moderate,7.0,No
P10364,63.0,Female,26.2,120.0,86.0,173.0,74.0,Yes,Yes,Moderate,6.8,No
P10365,32.0,Male,26.2,102.0,149.0,255.0,74.0,No,,Moderate,6.9,No
P10366,71.0,Female,28.4,153.0,108.0,164.0,98.0,No,No,High,7.1,No
P10367,26.0,Female,31.3,110.0,112.0,238.0,83.0,No,No,High,9.7,No
P10368,79.0,Female,19.1,114.0,142.0,253.0,88.0,Yes,Yes,Moderate,7.8,No
P10369,63.0,Female,20.0,119.0,170.0,231.0,68.0,No,No,Moderate,6.0,Yes
P10370,35.0,Male,22.0,138.0,119.0,203.0,63.0,,No,Moderate,6.5,No
P10371,68.0,Male,28.6,135.0,75.0,229.0,59.0,No,No,High,6.9,No
P10372,57.0,Female,27.8,134.0,107.0,,83.0,No,Yes,Moderate,5.7,No
P10373,47.0,Male,21.4,119.0,118.0,245.0,65.0,No,No,Moderate,6.4,No
P10374,64.0,Female,23.0,,104.0,178.0,61.0,No,Yes,Moderate,7.3,No
P10375,61.0,Female,28.2,137.0,129.0,274.0,87.0,Yes,No,Moderate,6.3,Yes
P10376,23.0,Female,26.7,150.0,86.0,234.0,86.0,No,Yes,Moderate,4.9,No
P10377,32.0,Male,31.2,104.0,166.0,198.0,71.0,Yes,No,Moderate,8.7,No
P10378,59.0,Male,22.5,144.0,124.0,248.0,72.0,Yes,No,Moderate,6.4,Yes
P10379,,Male,25.7,139.0,65.0,244.0,74.0,Yes,No,Moderate,7.9,No
P10380,38.0,Female,21.6,134.0,109.0,191.0,67.0,No,No,Low,5.9,No
P10381,52.0,Female,31.9,113.0,131.0,162.0,65.0,No,Yes,High,7.9,Yes
P10382,28.0,Male,31.3,125.0,122.0,155.0,78.0,No,No,Low,6.8,No
P10383,79.0,Female,28.7,130.0,157.0,177.0,76.0,Yes,Yes,Moderate,6.5,Yes
P10384,52.0,Male,31.0,114.0,77.0,194.0,66.0,No,Yes,Moderate,7.5,No
P10385,18.0,Male,33.0,143.0,65.0,197.0,86.0,No,No,Low,6.0,No
P10386,47.0,Male,33.4,116.0,135.0,291.0,98.0,No,Yes,Moderate,8.2,No
P10387,64.0,Female,34.5,149.0,96.0,203.0,65.0,Yes,Yes,Moderate,8.8,No
P10388,54.0,Male,23.0,100.0,,209.0,73.0,No,No,Moderate,6.4,No
P10389,50.0,Female,22.6,102.0,135.0,182.0,52.0,Yes,No,Moderate,6.1,Yes
P10390,58.0,Female,32.6,94.0,79.0,258.0,87.0,Yes,No,Low,7.9,No
P10391,19.0,Male,24.4,135.0,67.0,151.0,60.0,No,No,Low,8.7,No
P10392,49.0,Female,18.0,109.0,74.0,214.0,76.0,Yes,No,Moderate,6.3,No
P10393,43.0,Male,,111.0,130.0,201.0,82.0,Yes,No,High,7.8,No
P10394,75.0,Male,31.3,139.0,104.0,200.0,84.0,Yes,No,Moderate,8.2,Yes
P10395,54.0,Female,24.2,152.0,86.0,206.0,62.0,No,No,Low,5.9,No
P10396,29.0,Female,30.1,112.0,65.0,183.0,67.0,Yes,No,Low,5.4,No
P10397,71.0,Male,27.9,146.0,130.0,164.0,72.0,No,No,Low,7.7,Yes
P10398,36.0,Male,20.1,133.0,75.0,244.0,58.0,No,No,High,8.7,No
P10399,80.0,Female,28.6,124.0,128.0,256.0,68.0,No,No,Moderate,5.7,Yes
P10400,40.0,Male,26.5,105.0,95.0,230.0,82.0,Yes,Yes,Moderate,8.1,No
P10401,71.0,Male,23.9,101.0,117.0,252.0,86.0,No,Yes,Low,6.9,Yes
P10402,66.0,Female,19.6,125.0,86.0,211.0,61.0,No,Yes,Low,7.7,Yes
P10403,63.0,Male,34.1,126.0,119.0,119.0,65.0,No,No,Low,8.5,Yes
P10404,59.0,Female,22.1,113.0,65.0,,67.0,Yes,Yes,High,6.5,No
P10405,19.0,Male,16.7,108.0,84.0,223.0,90.0,No,No,Low,4.8,No
P10406,31.0,Female,30.5,103.0,124.0,116.0,68.0,No,Yes,Moderate,6.1,No
P10407,73.0,Female,24.3,130.0,154.0,210.0,77.0,No,Yes,Low,6.3,Yes
P10408,64.0,Male,32.2,135.0,123.0,217.0,88.0,No,Yes,Low,7.9,Yes
P10409,47.0,Male,26.0,135.0,87.0,216.0,83.0,No,No,Moderate,6.1,No
P10410,66.0,Male,26.4,134.0,89.0,164.0,83.0,No,Yes,Moderate,5.8,Yes
P10411,59.0,Female,29.3,115.0,111.0,,89.0,No,No,Low,6.4,Yes
P10412,66.0,Male,27.0,149.0,71.0,192.0,56.0,No,No,Moderate,8.3,No
P10413,51.0,Female,27.0,108.0,140.0,213.0,79.0,Yes,Yes,Moderate,5.8,Yes
P10414,22.0,Female,31.7,133.0,170.0,194.0,78.0,No,No,Low,7.6,No
P10415,43.0,Female,22.2,117.0,92.0,139.0,68.0,No,No,Low,5.4,No
P10416,31.0,Female,29.2,106.0,,293.0,87.0,No,Yes,Moderate,10.1,No
P10417,72.0,Female,27.9,113.0,84.0,217.0,89.0,No,No,Moderate,4.5,No
P10418,74.0,Female,18.8,133.0,102.0,196.0,69.0,No,No,Low,7.5,No
P10419,30.0,Female,31.8,141.0,91.0,184.0,59.0,Yes,No,Moderate,7.4,No
P10420,73.0,Female,30.2,129.0,146.0,233.0,45.0,No,No,Low,5.9,Yes
P10421,38.0,Male,33.9,85.0,139.0,212.0,98.0,Yes,Yes,Low,6.3,No
P10422,30.0,Male,24.4,136.0,83.0,221.0,69.0,No,No,Moderate,7.0,No
P10423,35.0,Female,21.2,90.0,145.0,148.0,79.0,No,No,Moderate,6.8,No
P10424,52.0,Female,41.2,155.0,160.0,126.0,76.0,No,No,Moderate,6.3,Yes
P10425,33.0,Male,21.6,127.0,65.0,255.0,93.0,No,Yes,Low,6.7,No
P10426,34.0,Female,22.7,126.0,101.0,212.0,60.0,No,No,Low,4.3,No
P10427,62.0,Male,29.2,140.0,112.0,215.0,73.0,No,No,Moderate,8.1,Yes
P10428,44.0,Male,24.4,119.0,152.0,,66.0,Yes,No,Low,7.3,No
P10429,61.0,Male,28.5,120.0,65.0,190.0,70.0,No,No,High,8.6,No
P10430,19.0,Male,20.1,118.0,98.0,223.0,63.0,No,No,Moderate,6.1,No
P10431,24.0,Male,18.4,126.0,87.0,136.0,64.0,No,No,Moderate,6.3,No
P10432,35.0,Male,23.9,125.0,81.0,201.0,78.0,No,No,Low,6.8,No
P10433,40.0,Female,29.7,128.0,102.0,201.0,77.0,No,Yes,Moderate,6.7,No
P10434,35.0,Female,26.3,85.0,131.0,410.0,62.0,No,No,,8.1,No
P10435,,Female,32.2,122.0,128.0,187.0,74.0,No,Yes,Moderate,7.7,No
P10436,75.0,Female,25.2,98.0,149.0,283.0,64.0,No,No,,6.6,No
P10437,46.0,Male,27.4,168.0,93.0,110.0,,Yes,No,Low,6.8,No
P10438,55.0,Male,22.1,137.0,113.0,245.0,84.0,No,No,Low,7.2,No
P10439,67.0,Female,19.5,139.0,124.0,138.0,88.0,No,No,Low,8.5,No
P10440,29.0,Female,20.7,131.0,153.0,242.0,73.0,No,No,Moderate,6.9,No
P10441,,Male,22.7,135.0,80.0,234.0,69.0,Yes,No,Low,6.8,No
P10442,44.0,Male,35.9,109.0,109.0,179.0,76.0,No,No,Low,6.8,Yes
P10443,57.0,Male,20.3,137.0,78.0,190.0,70.0,No,No,Low,6.9,No
P10444,49.0,Female,22.3,138.0,120.0,195.0,76.0,No,No,Moderate,9.0,No
P10445,25.0,Female,33.1,127.0,65.0,234.0,70.0,No,No,Low,7.9,No
P10446,58.0,Male,23.3,136.0,72.0,185.0,63.0,No,Yes,Low,6.3,No
P10447,76.0,Female,29.3,141.0,109.0,217.0,79.0,No,Yes,Moderate,4.5,Yes
P10448,51.0,Female,16.0,124.0,74.0,208.0,85.0,No,No,High,9.9,No
P10449,74.0,Male,21.8,106.0,118.0,229.0,83.0,Yes,Yes,Moderate,6.0,Yes
P10450,44.0,Male,29.0,137.0,82.0,212.0,63.0,No,No,Moderate,7.0,No
P10451,43.0,Male,18.3,148.0,65.0,222.0,90.0,No,No,Moderate,6.8,No
P10452,37.0,Female,27.4,105.0,86.0,233.0,57.0,No,No,High,7.8,No
P10453,50.0,Female,26.7,143.0,141.0,232.0,68.0,Yes,No,Moderate,7.4,No
P10454,54.0,Male,23.8,128.0,120.0,231.0,77.0,No,Yes,Low,6.6,Yes
P10455,24.0,Female,25.2,134.0,125.0,198.0,76.0,Yes,Yes,Moderate,8.6,No
P10456,79.0,Female,29.9,138.0,65.0,202.0,73.0,No,No,Moderate,6.0,Yes
P10457,27.0,Female,26.2,107.0,92.0,177.0,71.0,Yes,Yes,Moderate,8.8,No
P10458,52.0,Female,31.2,129.0,126.0,228.0,,No,No,Low,8.0,No
P10459,37.0,Female,30.2,140.0,100.0,169.0,87.0,Yes,Yes,Low,8.8,Yes
P10460,73.0,Male,33.9,147.0,133.0,,88.0,No,No,High,8.7,No
P10461,58.0,Male,24.5,138.0,123.0,201.0,77.0,No,No,Moderate,7.4,No
P10462,18.0,Female,27.3,109.0,91.0,227.0,65.0,No,No,Low,8.8,No
P10463,19.0,Male,21.4,127.0,137.0,224.0,83.0,No,No,Moderate,6.4,No
P10464,30.0,Male,29.4,120.0,154.0,232.0,92.0,No,No,Moderate,8.6,No
P10465,69.0,Female,23.1,125.0,131.0,213.0,84.0,No,No,Low,6.6,No
P10466,72.0,Male,29.4,,128.0,154.0,69.0,No,Yes,Low,7.9,Yes
P10467,52.0,Female,25.1,102.0,72.0,187.0,72.0,Yes,No,High,8.1,No
P10468,53.0,Male,25.7,132.0,113.0,212.0,91.0,No,No,Moderate,7.7,No
P10469,58.0,Male,27.6,131.0,116.0,219.0,79.0,Yes,No,Moderate,9.5,No
P10470,48.0,Male,22.9,108.0,78.0,,65.0,No,Yes,Moderate,7.8,No
P10471,50.0,Female,23.3,142.0,98.0,182.0,90.0,No,No,Moderate,4.4,No
P10472,41.0,Male,23.5,,88.0,201.0,70.0,No,No,Low,5.0,No
P10473,48.0,Female,23.9,125.0,145.0,161.0,95.0,No,Yes,Low,6.1,Yes
P10474,36.0,Female,29.4,85.0,77.0,198.0,103.0,Yes,No,Low,,No
P10475,65.0,Male,24.6,142.0,114.0,247.0,94.0,No,No,Moderate,5.0,Yes
P10476,60.0,Male,23.7,120.0,107.0,159.0,,No,No,Moderate,6.9,No
P10477,63.0,Female,30.4,119.0,124.0,154.0,77.0,No,No,Low,7.2,Yes
P10478,41.0,Female,29.8,147.0,106.0,243.0,61.0,No,No,Moderate,7.2,No
P10479,42.0,Female,25.7,93.0,81.0,199.0,69.0,Yes,No,Low,8.4,Yes
P10480,45.0,Female,38.2,138.0,115.0,264.0,64.0,Yes,Yes,Low,7.0,Yes
P10481,55.0,Female,21.4,,167.0,155.0,70.0,No,No,Low,6.6,No
P10482,66.0,Female,34.1,92.0,122.0,242.0,80.0,No,No,Moderate,5.8,Yes
P10483,18.0,Female,27.7,128.0,140.0,215.0,71.0,No,Yes,Low,6.9,No
P10484,77.0,Male,31.2,118.0,65.0,160.0,86.0,No,Yes,Moderate,6.7,Yes
P10485,72.0,Male,25.0,107.0,163.0,218.0,68.0,No,Yes,Moderate,6.9,No
P10486,80.0,Male,32.0,103.0,144.0,287.0,82.0,No,No,Moderate,6.4,No
P10487,35.0,Female,21.7,136.0,105.0,237.0,89.0,No,No,Moderate,5.8,Yes
P10488,48.0,Male,30.2,,129.0,213.0,68.0,No,No,Moderate,7.8,Yes
P10489,52.0,Male,27.7,106.0,160.0,192.0,75.0,No,No,Moderate,6.6,No
P10490,26.0,Female,30.7,109.0,106.0,156.0,65.0,No,Yes,Moderate,6.3,No
P10491,40.0,Male,24.1,137.0,75.0,,68.0,No,Yes,Moderate,6.3,No
P10492,19.0,Female,28.5,163.0,133.0,191.0,78.0,No,No,Moderate,4.6,Yes
P10493,25.0,Male,22.7,99.0,101.0,239.0,78.0,No,No,Moderate,6.0,No
P10494,49.0,Male,24.7,100.0,124.0,199.0,85.0,No,Yes,,7.7,No
P10495,37.0,Male,25.2,106.0,98.0,267.0,68.0,No,Yes,High,7.2,Yes
P10496,22.0,Male,23.5,107.0,65.0,,78.0,No,Yes,High,7.9,No
P10497,70.0,Female,24.1,143.0,94.0,165.0,83.0,No,No,Moderate,8.8,Yes
P10498,25.0,Female,20.6,107.0,124.0,208.0,75.0,No,Yes,Moderate,4.7,No
P10499,32.0,Male,25.8,160.0,74.0,203.0,79.0,Yes,No,Moderate,6.3,No
P10500,32.0,Male,33.4,132.0,,263.0,59.0,No,No,Low,6.8,No
P10501,50.0,Female,40.0,141.0,65.0,230.0,66.0,No,No,Low,7.5,No
P10502,80.0,Female,22.4,134.0,81.0,207.0,89.0,No,No,Moderate,7.1,No
P10503,19.0,Male,22.8,107.0,116.0,177.0,57.0,No,No,Low,7.6,No
P10504,28.0,Female,28.0,101.0,114.0,232.0,55.0,No,No,Low,6.4,No
P10505,38.0,Male,28.8,140.0,132.0,297.0,77.0,No,Yes,Low,6.2,Yes
P10506,24.0,Male,20.2,144.0,113.0,210.0,59.0,No,No,Low,8.6,No
P10507,18.0,Female,16.0,131.0,157.0,159.0,92.0,No,No,High,8.7,No
P10508,75.0,Male,27.7,124.0,94.0,147.0,90.0,Yes,No,Moderate,8.5,No
P10509,32.0,Female,,126.0,126.0,193.0,68.0,No,No,Moderate,9.4,No
P10510,57.0,Male,33.3,128.0,88.0,214.0,77.0,No,Yes,Low,6.4,Yes
P10511,73.0,Female,,102.0,143.0,179.0,66.0,Yes,No,High,8.3,No
P10512,64.0,Female,33.1,125.0,102.0,189.0,54.0,No,Yes,Low,6.9,No
P10513,20.0,Female,25.6,124.0,99.0,188.0,79.0,No,Yes,High,6.8,No
P10514,,Female,19.8,95.0,108.0,255.0,59.0,No,No,Moderate,10.5,No
P10515,21.0,Male,25.8,85.0,81.0,158.0,83.0,No,No,Moderate,4.9,No
P10516,76.0,Female,31.4,210.0,97.0,188.0,92.0,Yes,No,Moderate,7.2,Yes
P10517,47.0,Male,27.1,90.0,65.0,247.0,80.0,No,Yes,Moderate,7.4,No
P10518,79.0,Male,23.7,85.0,99.0,263.0,92.0,No,No,Moderate,8.3,Yes
P10519,43.0,Female,26.7,96.0,106.0,184.0,75.0,Yes,Yes,High,8.2,No
P10520,53.0,Male,28.1,127.0,128.0,200.0,85.0,No,Yes,Moderate,5.7,No
P10521,21.0,Male,27.1,123.0,95.0,277.0,86.0,Yes,Yes,Moderate,7.6,No
P10522,80.0,Female,27.9,125.0,69.0,255.0,71.0,No,Yes,Moderate,7.2,Yes
P10523,72.0,Female,28.3,152.0,107.0,176.0,82.0,No,No,Low,9.4,No
P10524,49.0,Female,31.6,,90.0,170.0,77.0,Yes,No,Low,8.0,No
P10525,32.0,Male,27.1,150.0,80.0,212.0,59.0,Yes,No,Low,7.8,Yes
P10526,45.0,Male,25.7,127.0,160.0,173.0,67.0,No,No,High,6.8,No
P10527,45.0,Male,28.2,142.0,101.0,191.0,68.0,Yes,No,Low,7.8,No
P10528,67.0,Female,29.3,150.0,195.0,220.0,65.0,No,Yes,High,6.1,No
P10529,36.0,Male,18.1,157.0,97.0,145.0,67.0,No,No,Low,7.2,No
P10530,58.0,Female,32.0,120.0,76.0,217.0,,No,No,Low,8.9,Yes
P10531,69.0,Male,34.6,104.0,101.0,225.0,69.0,No,No,Moderate,5.7,No
P10532,30.0,Male,26.6,125.0,83.0,199.0,81.0,No,Yes,Moderate,5.6,No
P10533,66.0,Female,29.4,146.0,131.0,238.0,95.0,No,,High,6.1,No
P10534,50.0,Female,22.9,150.0,93.0,183.0,75.0,No,No,Moderate,7.2,No
P10535,30.0,Female,29.7,126.0,109.0,196.0,71.0,No,No,High,6.3,No
P10536,19.0,Male,22.4,130.0,132.0,139.0,80.0,,No,Moderate,,No
P10537,73.0,Female,,150.0,105.0,110.0,56.0,No,No,High,7.6,No
P10538,73.0,Male,29.2,127.0,114.0,165.0,67.0,No,No,High,7.0,No
P10539,21.0,Female,22.7,135.0,91.0,203.0,77.0,No,Yes,High,6.9,No
P10540,52.0,Female,21.2,139.0,137.0,206.0,52.0,No,No,Moderate,6.1,No
P10541,23.0,Male,24.8,120.0,159.0,194.0,90.0,Yes,No,Low,7.4,No
P10542,20.0,Female,23.8,110.0,102.0,194.0,82.0,No,No,Moderate,6.2,No
P10543,21.0,Female,24.9,165.0,79.0,201.0,90.0,No,No,High,7.1,No
P10544,77.0,Female,21.2,114.0,112.0,207.0,71.0,No,No,Low,6.9,No
P10545,49.0,Male,31.7,106.0,161.0,176.0,75.0,No,Yes,Moderate,5.8,No
P10546,80.0,Female,25.2,120.0,103.0,145.0,86.0,Yes,Yes,Moderate,6.0,Yes
P10547,66.0,Female,28.6,127.0,153.0,228.0,96.0,No,No,Low,10.5,Yes
P10548,64.0,Male,18.7,129.0,83.0,155.0,86.0,No,No,Low,8.6,Yes
P10549,24.0,Male,23.7,119.0,104.0,261.0,82.0,No,No,Moderate,7.8,Yes
P10550,45.0,Female,34.1,132.0,140.0,165.0,95.0,No,No,Moderate,6.5,Yes
P10551,53.0,Female,22.3,152.0,117.0,191.0,86.0,No,No,Low,7.6,Yes
P10552,55.0,Female,27.8,119.0,96.0,239.0,53.0,Yes,Yes,Moderate,8.1,Yes
P10553,26.0,Male,,125.0,162.0,187.0,80.0,No,Yes,High,7.3,No
P10554,,Male,,147.0,108.0,159.0,78.0,No,No,Low,6.0,No
P10555,56.0,Female,33.7,107.0,113.0,197.0,83.0,No,No,Moderate,6.8,Yes
P10556,24.0,Female,22.2,104.0,102.0,238.0,83.0,No,No,High,7.6,No
P10557,77.0,Female,24.2,112.0,84.0,203.0,73.0,No,No,Moderate,6.2,No
P10558,38.0,Male,26.2,122.0,115.0,197.0,78.0,No,No,Low,8.3,No
P10559,76.0,Male,23.9,139.0,148.0,199.0,65.0,No,No,Moderate,4.9,Yes
P10560,43.0,Male,28.1,97.0,105.0,251.0,84.0,No,Yes,Moderate,5.3,Yes
P10561,44.0,Male,17.9,113.0,147.0,156.0,76.0,No,No,High,7.9,No
P10562,65.0,Male,21.4,105.0,83.0,214.0,75.0,No,No,Low,6.2,No
P10563,74.0,Male,32.7,98.0,115.0,294.0,91.0,No,No,Low,6.5,Yes
P10564,28.0,Female,27.0,103.0,129.0,204.0,82.0,No,No,Low,4.7,No
P10565,45.0,Female,28.8,136.0,125.0,235.0,85.0,Yes,Yes,,7.5,No
P10566,25.0,Female,34.5,126.0,104.0,177.0,75.0,No,No,High,7.7,No
P10567,62.0,Male,18.1,127.0,65.0,184.0,71.0,No,No,Moderate,9.6,No
P10568,61.0,Female,16.0,134.0,105.0,207.0,78.0,No,No,Moderate,4.9,No
P10569,26.0,Female,34.9,131.0,,201.0,79.0,Yes,No,Moderate,6.3,No
P10570,73.0,Male,19.9,131.0,128.0,167.0,77.0,No,No,High,9.4,No
P10571,79.0,Female,26.8,156.0,106.0,235.0,79.0,No,No,Moderate,7.2,No
P10572,73.0,Male,18.6,135.0,150.0,186.0,82.0,No,No,Moderate,7.2,No
P10573,68.0,Male,16.0,85.0,77.0,231.0,88.0,Yes,No,High,7.8,Yes
P10574,64.0,Male,26.0,133.0,122.0,201.0,65.0,Yes,No,Low,6.6,Yes
P10575,35.0,Female,28.6,140.0,159.0,256.0,66.0,No,No,High,7.1,No
P10576,79.0,Male,22.4,132.0,157.0,198.0,45.0,Yes,No,Moderate,6.9,Yes
P10577,37.0,Female,16.0,114.0,168.0,172.0,77.0,No,No,Low,8.7,No
P10578,50.0,Female,27.9,107.0,72.0,247.0,63.0,No,Yes,Low,6.8,No
P10579,62.0,Female,35.5,125.0,97.0,152.0,55.0,No,No,Low,7.4,No
P10580,66.0,Female,18.1,135.0,114.0,190.0,74.0,No,Yes,Moderate,7.2,No
P10581,38.0,Male,30.0,139.0,133.0,193.0,65.0,No,No,Moderate,6.6,Yes
P10582,44.0,Male,27.7,93.0,73.0,243.0,87.0,No,No,Low,6.1,No
P10583,47.0,Male,17.5,130.0,118.0,221.0,90.0,No,No,Low,7.3,No
P10584,40.0,Female,31.2,145.0,84.0,211.0,83.0,No,No,Moderate,7.3,No
P10585,38.0,Male,27.3,137.0,106.0,265.0,71.0,No,Yes,Moderate,7.5,Yes
P10586,75.0,Male,25.7,167.0,65.0,208.0,61.0,No,Yes,Moderate,8.4,Yes
P10587,33.0,Male,32.5,112.0,128.0,154.0,66.0,No,Yes,Low,6.7,Yes
P10588,45.0,Female,26.5,104.0,65.0,160.0,65.0,No,No,Moderate,7.5,No
P10589,,Female,32.5,139.0,121.0,149.0,72.0,Yes,No,Moderate,7.3,No
P10590,65.0,Female,39.0,149.0,71.0,202.0,72.0,No,Yes,High,6.0,Yes
P10591,68.0,Male,27.4,107.0,85.0,200.0,95.0,Yes,No,High,9.0,No
P10592,,Female,28.5,125.0,127.0,216.0,85.0,No,No,High,8.3,No
P10593,21.0,Female,23.7,128.0,118.0,211.0,97.0,No,No,Moderate,6.1,No
P10594,25.0,Female,33.8,131.0,71.0,210.0,79.0,No,Yes,High,7.0,No
P10595,33.0,Female,20.6,145.0,65.0,267.0,66.0,Yes,No,Moderate,5.5,No
P10596,25.0,Female,24.0,163.0,114.0,215.0,69.0,No,Yes,High,7.0,Yes
P10597,32.0,Male,26.2,114.0,115.0,171.0,76.0,No,No,High,6.8,No
P10598,50.0,Female,25.6,119.0,65.0,185.0,80.0,No,No,Moderate,8.0,No
P10599,54.0,Female,23.1,99.0,162.0,184.0,89.0,No,No,Moderate,5.4,Yes
P10600,62.0,Female,30.7,137.0,135.0,200.0,70.0,No,No,Low,5.8,Yes
P10601,76.0,Male,25.0,105.0,65.0,147.0,72.0,,No,Low,5.8,No
P10602,64.0,Female,16.2,,135.0,243.0,78.0,Yes,Yes,High,5.6,Yes
P10603,47.0,Female,32.1,132.0,68.0,155.0,,No,No,High,6.4,Yes
P10604,39.0,Female,34.8,146.0,155.0,221.0,71.0,No,No,Low,7.6,Yes
P10605,72.0,Female,23.8,123.0,159.0,235.0,82.0,No,No,Moderate,8.0,Yes
P10606,18.0,Male,33.0,116.0,162.0,229.0,64.0,No,No,Moderate,6.2,No
P10607,64.0,Female,23.9,113.0,70.0,210.0,80.0,Yes,No,Moderate,7.3,No
P10608,51.0,Male,21.7,140.0,98.0,205.0,81.0,No,No,Low,7.1,No
P10609,49.0,Male,22.1,118.0,70.0,265.0,82.0,No,No,Low,5.7,No
P10610,29.0,Male,34.4,125.0,79.0,232.0,91.0,No,No,,8.4,No
P10611,35.0,Male,33.1,137.0,170.0,153.0,75.0,Yes,Yes,Moderate,5.4,No
P10612,38.0,Female,29.8,146.0,113.0,226.0,83.0,Yes,Yes,Low,8.6,No
P10613,20.0,Male,21.6,143.0,101.0,162.0,66.0,No,Yes,Moderate,5.4,No
P10614,53.0,Male,30.3,101.0,103.0,234.0,63.0,Yes,No,Moderate,7.8,No
P10615,53.0,Male,21.3,106.0,83.0,233.0,75.0,No,No,Moderate,,No
P10616,42.0,Female,29.5,130.0,92.0,301.0,73.0,,No,Moderate,6.9,No
P10617,74.0,Female,23.9,134.0,124.0,210.0,95.0,No,No,Moderate,6.8,Yes
P10618,46.0,Male,23.8,129.0,99.0,196.0,84.0,No,No,High,6.5,No
P10619,22.0,Male,24.0,146.0,97.0,193.0,91.0,No,No,High,7.9,No
P10620,21.0,Female,16.5,150.0,103.0,227.0,80.0,No,No,Low,7.7,No
P10621,41.0,Male,18.1,123.0,111.0,224.0,85.0,Yes,Yes,High,8.7,No
P10622,29.0,Male,25.8,127.0,103.0,222.0,,No,Yes,High,6.1,No
P10623,72.0,Female,21.3,142.0,93.0,251.0,83.0,No,No,Low,4.7,No
P10624,71.0,Male,30.4,,95.0,224.0,70.0,No,Yes,Moderate,8.3,Yes
P10625,78.0,Female,32.1,107.0,122.0,148.0,71.0,Yes,No,Moderate,7.0,No
P10626,50.0,Female,19.0,102.0,98.0,187.0,50.0,No,No,Moderate,7.0,No
P10627,48.0,Female,19.3,95.0,102.0,209.0,80.0,No,Yes,Moderate,8.4,No
P10628,73.0,Male,25.7,124.0,88.0,222.0,86.0,No,No,Moderate,7.4,Yes
P10629,58.0,Female,35.8,114.0,105.0,160.0,83.0,No,No,Low,6.0,No
P10630,72.0,Male,22.7,113.0,124.0,247.0,79.0,Yes,Yes,Moderate,8.0,Yes
P10631,30.0,Female,28.9,98.0,65.0,190.0,71.0,No,Yes,Moderate,8.3,No
P10632,30.0,Male,18.5,123.0,114.0,240.0,50.0,Yes,No,Moderate,5.6,No
P10633,21.0,Female,22.1,99.0,127.0,237.0,63.0,No,No,Low,7.0,No
P10634,43.0,Male,28.8,104.0,109.0,180.0,75.0,Yes,Yes,High,5.8,Yes
P10635,67.0,Male,25.3,118.0,89.0,230.0,84.0,No,No,Low,8.8,No
P10636,51.0,Female,28.8,131.0,137.0,249.0,89.0,Yes,No,High,9.0,Yes
P10637,52.0,Female,27.0,124.0,138.0,210.0,89.0,Yes,Yes,,8.1,Yes
P10638,24.0,Female,26.3,135.0,81.0,230.0,69.0,No,No,High,7.6,No
P10639,26.0,Female,26.2,123.0,122.0,160.0,74.0,No,No,High,7.4,No
P10640,23.0,Female,33.0,117.0,115.0,160.0,62.0,No,Yes,Moderate,5.7,No
P10641,41.0,Male,26.1,118.0,65.0,221.0,56.0,No,No,High,7.5,No
P10642,71.0,Male,30.5,109.0,118.0,135.0,67.0,No,No,Low,8.5,No
P10643,64.0,Female,25.1,124.0,66.0,181.0,67.0,Yes,No,Moderate,7.9,No
P10644,70.0,Male,26.8,143.0,109.0,201.0,66.0,No,No,Moderate,7.6,No
P10645,36.0,Male,21.2,136.0,65.0,230.0,85.0,No,Yes,Moderate,7.0,No
P10646,42.0,Female,16.3,135.0,124.0,257.0,92.0,No,No,Moderate,5.6,No
P10647,78.0,Female,24.3,130.0,179.0,,67.0,Yes,,Low,7.3,Yes
P10648,62.0,Female,26.8,127.0,89.0,156.0,95.0,No,Yes,Moderate,10.5,No
P10649,61.0,Male,24.0,125.0,79.0,192.0,57.0,Yes,Yes,Moderate,5.8,No
P10650,50.0,Female,28.9,106.0,65.0,221.0,81.0,No,No,Low,,No
P10651,24.0,Male,22.5,105.0,77.0,189.0,82.0,Yes,No,Moderate,5.6,No
P10652,65.0,Female,19.6,108.0,139.0,221.0,61.0,No,Yes,High,6.8,No
P10653,41.0,Male,19.2,,109.0,166.0,87.0,No,No,Moderate,8.8,No
P10654,37.0,Male,29.4,113.0,65.0,168.0,72.0,No,No,Low,7.3,No
P10655,63.0,Female,22.3,134.0,101.0,306.0,79.0,Yes,No,Moderate,8.8,No
P10656,47.0,Male,26.3,105.0,96.0,187.0,89.0,Yes,No,Moderate,6.9,Yes
P10657,28.0,Female,19.5,119.0,126.0,,83.0,Yes,No,Low,6.8,No
P10658,74.0,Female,22.1,108.0,93.0,247.0,71.0,Yes,Yes,Moderate,9.3,Yes
P10659,42.0,Male,26.1,135.0,120.0,205.0,75.0,Yes,No,,8.7,No
P10660,69.0,Male,31.4,156.0,105.0,257.0,95.0,No,No,Moderate,5.8,Yes
P10661,43.0,Female,21.1,104.0,65.0,303.0,57.0,No,Yes,Moderate,8.2,No
P10662,37.0,Male,19.2,128.0,76.0,216.0,86.0,Yes,No,High,6.4,No
P10663,68.0,Female,26.1,110.0,147.0,321.0,87.0,Yes,No,Moderate,5.7,Yes
P10664,73.0,Female,26.9,135.0,119.0,190.0,97.0,No,No,Moderate,7.6,Yes
P10665,37.0,Male,24.1,151.0,114.0,114.0,91.0,No,No,Low,5.6,No
P10666,43.0,Male,32.0,115.0,107.0,219.0,59.0,No,Yes,,7.6,No
P10667,52.0,Female,17.9,140.0,65.0,228.0,83.0,Yes,No,Moderate,8.4,No
P10668,60.0,Female,22.2,122.0,100.0,158.0,80.0,No,Yes,Low,6.4,Yes
P10669,49.0,Male,26.1,112.0,121.0,154.0,85.0,No,Yes,High,8.2,No
P10670,62.0,Male,21.9,118.0,130.0,172.0,96.0,No,No,High,5.8,No
P10671,70.0,Female,27.7,143.0,140.0,141.0,80.0,No,No,Low,7.5,Yes
P10672,43.0,Female,26.1,131.0,120.0,205.0,74.0,No,No,Moderate,7.4,No
P10673,71.0,Female,24.9,123.0,126.0,178.0,74.0,No,,Moderate,7.4,No
P10674,70.0,Male,37.7,121.0,91.0,270.0,88.0,No,No,Moderate,7.0,Yes
P10675,79.0,Male,21.4,114.0,151.0,247.0,65.0,No,Yes,Low,8.0,Yes
P10676,47.0,Female,24.9,135.0,79.0,196.0,83.0,No,Yes,High,7.6,No
P10677,71.0,Female,28.5,159.0,119.0,197.0,80.0,No,No,Low,6.0,Yes
P10678,78.0,Male,22.5,121.0,101.0,259.0,56.0,No,Yes,Moderate,8.1,No
P10679,77.0,Female,26.8,107.0,147.0,235.0,82.0,No,No,Low,8.9,Yes
P10680,77.0,Male,30.2,130.0,105.0,148.0,,No,No,High,5.9,Yes
P10681,42.0,Male,27.2,133.0,131.0,212.0,98.0,No,No,Low,4.3,No
P10682,74.0,Female,29.7,142.0,88.0,221.0,66.0,No,No,Moderate,8.0,Yes
P10683,45.0,Male,24.3,104.0,145.0,213.0,87.0,No,No,Low,8.4,No
P10684,75.0,Female,24.9,129.0,138.0,241.0,73.0,Yes,No,Moderate,5.9,No
P10685,69.0,Male,35.3,110.0,156.0,188.0,65.0,No,Yes,Moderate,9.4,No
P10686,,Female,28.4,147.0,101.0,137.0,,No,Yes,High,6.3,No
P10687,26.0,Male,30.8,136.0,137.0,245.0,62.0,No,No,High,8.8,No
P10688,58.0,Male,23.0,121.0,131.0,165.0,74.0,Yes,No,High,,No
P10689,33.0,Female,25.1,104.0,144.0,187.0,92.0,No,No,Low,8.7,No
P10690,64.0,Male,31.7,155.0,,215.0,72.0,No,No,Moderate,7.1,No
P10691,67.0,Male,26.6,122.0,115.0,151.0,101.0,No,No,Moderate,9.1,No
P10692,51.0,Male,20.2,139.0,145.0,198.0,88.0,Yes,No,Moderate,6.4,Yes
P10693,67.0,Male,21.8,93.0,65.0,163.0,59.0,Yes,No,Moderate,8.2,No
P10694,51.0,Male,25.8,126.0,100.0,178.0,100.0,No,No,Moderate,8.0,No
P10695,53.0,Female,33.7,137.0,84.0,165.0,95.0,No,No,Low,7.2,Yes
P10696,30.0,Male,28.7,89.0,145.0,158.0,54.0,Yes,No,Moderate,7.5,No
P10697,54.0,Female,22.5,129.0,,235.0,73.0,No,No,Moderate,6.6,No
P10698,28.0,Female,26.1,145.0,133.0,228.0,96.0,No,No,Low,8.6,No
P10699,57.0,Male,26.5,100.0,115.0,207.0,75.0,No,No,High,5.9,No
P10700,67.0,Male,18.1,122.0,143.0,181.0,77.0,Yes,No,High,7.4,No
P10701,66.0,Male,26.0,118.0,135.0,156.0,66.0,No,No,High,4.3,No
P10702,27.0,Male,24.5,114.0,111.0,110.0,77.0,No,No,Low,8.4,No
P10703,67.0,Female,25.4,114.0,126.0,180.0,82.0,,No,High,6.8,Yes
P10704,63.0,Male,21.9,109.0,111.0,189.0,97.0,No,No,Moderate,7.2,Yes
P10705,27.0,Female,28.0,112.0,97.0,214.0,69.0,Yes,No,High,6.8,No
P10706,22.0,Male,24.2,123.0,126.0,238.0,78.0,No,Yes,Moderate,,No
P10707,59.0,Female,22.5,125.0,157.0,200.0,95.0,No,No,Low,6.9,No
P10708,43.0,Female,35.1,102.0,137.0,205.0,83.0,No,No,Low,8.8,No
P10709,49.0,Female,24.4,114.0,87.0,178.0,62.0,No,Yes,Moderate,8.3,No
P10710,19.0,Male,19.6,126.0,136.0,196.0,86.0,No,Yes,Low,6.1,No
P10711,33.0,Female,32.0,143.0,86.0,222.0,81.0,Yes,No,High,4.6,No
P10712,59.0,Male,33.0,144.0,65.0,166.0,57.0,No,Yes,Moderate,8.8,No
P10713,57.0,Female,21.5,124.0,82.0,200.0,92.0,No,Yes,High,7.3,No
P10714,36.0,Female,24.1,126.0,115.0,204.0,61.0,No,Yes,Moderate,6.5,No
P10715,39.0,Female,25.3,101.0,66.0,166.0,90.0,No,No,High,7.9,No
P10716,47.0,Female,24.2,125.0,116.0,160.0,79.0,No,No,Moderate,4.5,No
P10717,39.0,Female,19.5,93.0,145.0,254.0,84.0,No,No,High,6.4,No
P10718,36.0,Male,21.0,118.0,108.0,232.0,63.0,No,,Low,7.9,No
P10719,37.0,Male,36.4,103.0,123.0,,68.0,No,No,Moderate,6.0,No
P10720,50.0,Male,23.2,112.0,101.0,200.0,78.0,No,No,Low,5.3,No
P10721,52.0,Male,23.6,126.0,65.0,232.0,69.0,Yes,Yes,Low,6.6,No
P10722,59.0,Female,29.9,127.0,117.0,164.0,64.0,No,No,Low,7.0,No
P10723,33.0,Female,23.8,144.0,87.0,201.0,71.0,No,Yes,Moderate,6.9,No
P10724,28.0,Male,22.9,,118.0,234.0,66.0,No,No,Moderate,8.4,No
P10725,37.0,Female,21.1,116.0,65.0,171.0,77.0,No,No,Moderate,7.7,No
P10726,66.0,Male,28.7,134.0,115.0,210.0,67.0,Yes,Yes,Moderate,6.7,No
P10727,70.0,Female,27.1,97.0,126.0,128.0,45.0,No,No,High,7.6,No
P10728,67.0,Male,31.5,151.0,152.0,205.0,96.0,No,No,Moderate,7.5,No
P10729,42.0,Female,24.1,89.0,117.0,197.0,76.0,Yes,No,Low,8.7,No
P10730,77.0,Female,32.4,135.0,70.0,274.0,83.0,No,No,Moderate,8.0,Yes
P10731,53.0,Male,26.9,133.0,111.0,211.0,53.0,No,No,Moderate,9.8,No
P10732,41.0,Female,23.6,114.0,65.0,184.0,63.0,No,No,Moderate,7.7,No
P10733,54.0,Female,28.3,117.0,65.0,222.0,76.0,No,No,Moderate,6.8,No
P10734,73.0,Female,27.8,100.0,117.0,211.0,101.0,No,No,Moderate,6.9,No
P10735,45.0,Male,27.5,126.0,127.0,166.0,81.0,No,No,Moderate,5.5,No
P10736,23.0,Male,22.5,218.0,117.0,203.0,71.0,No,Yes,High,6.0,No
P10737,37.0,Female,25.6,115.0,146.0,276.0,78.0,No,No,Low,7.2,No
P10738,80.0,Female,46.8,131.0,134.0,219.0,59.0,No,No,Low,8.2,No
P10739,47.0,Male,29.6,135.0,127.0,145.0,64.0,No,Yes,Low,6.2,No
P10740,31.0,Male,32.3,111.0,65.0,193.0,85.0,No,Yes,Moderate,5.9,No
P10741,73.0,Male,30.1,137.0,89.0,217.0,77.0,No,Yes,Low,7.9,No
P10742,41.0,Male,29.7,131.0,115.0,199.0,,No,No,Moderate,6.0,Yes
P10743,38.0,Female,31.4,125.0,67.0,257.0,90.0,Yes,Yes,High,9.6,No
P10744,23.0,Female,32.1,136.0,73.0,187.0,78.0,Yes,Yes,Low,8.8,No
P10745,77.0,Female,24.3,129.0,65.0,265.0,58.0,Yes,Yes,High,7.6,No
P10746,70.0,Female,20.5,112.0,90.0,179.0,95.0,Yes,No,Moderate,6.9,Yes
P10747,42.0,Female,26.9,113.0,115.0,203.0,84.0,No,Yes,Moderate,7.1,No
P10748,48.0,Male,33.4,127.0,146.0,248.0,88.0,No,No,Low,7.6,No
P10749,34.0,Male,20.1,142.0,111.0,142.0,70.0,No,Yes,Moderate,6.6,No
P10750,78.0,Female,21.6,,99.0,169.0,81.0,No,No,Low,6.5,Yes
P10751,75.0,Female,26.4,117.0,78.0,225.0,94.0,No,No,High,5.8,No
P10752,27.0,Male,23.5,124.0,149.0,260.0,69.0,Yes,Yes,Moderate,8.6,Yes
P10753,33.0,Female,30.9,105.0,117.0,178.0,86.0,No,No,Low,6.2,No
P10754,74.0,Female,26.5,142.0,132.0,,92.0,Yes,No,Moderate,7.1,No
P10755,31.0,Female,30.2,146.0,,159.0,98.0,No,No,High,9.3,No
P10756,40.0,Male,27.6,150.0,72.0,223.0,62.0,No,Yes,Moderate,7.1,No
P10757,68.0,Female,28.1,138.0,117.0,263.0,64.0,No,No,Low,6.0,No
P10758,32.0,Male,20.5,205.0,113.0,192.0,67.0,No,Yes,Moderate,7.7,No
P10759,71.0,Male,23.1,122.0,146.0,185.0,76.0,No,Yes,High,5.8,Yes
P10760,59.0,Female,16.7,117.0,90.0,252.0,75.0,No,Yes,High,7.2,No
P10761,29.0,Female,22.5,131.0,102.0,229.0,78.0,No,Yes,Moderate,7.2,No
P10762,19.0,Female,23.5,145.0,94.0,241.0,82.0,No,,Low,6.2,No
P10763,28.0,Male,27.8,85.0,141.0,248.0,67.0,No,No,Moderate,7.3,No
P10764,51.0,Female,20.6,130.0,85.0,199.0,83.0,No,Yes,Low,6.9,No
P10765,78.0,Female,34.7,128.0,133.0,241.0,63.0,No,No,High,7.1,No
P10766,47.0,Female,32.0,128.0,108.0,272.0,74.0,No,Yes,Moderate,6.5,Yes
P10767,26.0,Female,21.3,134.0,126.0,189.0,59.0,Yes,No,High,6.8,No
P10768,21.0,Male,17.3,110.0,150.0,237.0,95.0,No,Yes,Low,5.9,No
P10769,29.0,Male,18.5,139.0,125.0,187.0,46.0,Yes,No,Low,10.5,No
P10770,45.0,Male,27.6,129.0,168.0,258.0,70.0,No,No,,10.4,No
P10771,45.0,Female,20.2,120.0,120.0,224.0,59.0,Yes,Yes,Low,7.0,No
P10772,37.0,Female,24.8,124.0,65.0,154.0,82.0,No,No,Low,7.8,No
P10773,57.0,Female,28.9,117.0,121.0,210.0,84.0,Yes,No,Moderate,6.9,No
P10774,33.0,Male,28.1,125.0,103.0,183.0,74.0,No,No,Low,5.6,No
P10775,34.0,Female,29.7,133.0,83.0,234.0,63.0,No,No,Moderate,6.7,No
P10776,76.0,Female,20.0,103.0,103.0,197.0,59.0,No,Yes,Moderate,10.5,No
P10777,51.0,Male,29.3,118.0,83.0,199.0,67.0,No,No,High,7.2,No
P10778,55.0,Female,29.5,116.0,122.0,228.0,76.0,No,Yes,Low,4.7,No
P10779,54.0,Male,30.7,123.0,118.0,185.0,90.0,Yes,No,Moderate,7.2,Yes
P10780,27.0,Female,30.2,119.0,136.0,110.0,81.0,No,Yes,High,7.0,No
P10781,54.0,Female,20.1,96.0,128.0,182.0,89.0,No,No,Moderate,9.3,No
P10782,65.0,Male,16.0,131.0,129.0,180.0,75.0,No,No,Moderate,7.2,No
P10783,20.0,Male,28.0,143.0,68.0,260.0,75.0,Yes,No,Moderate,6.0,No
P10784,41.0,Female,33.9,112.0,101.0,141.0,81.0,No,No,Moderate,5.8,No
P10785,35.0,Female,22.5,126.0,65.0,270.0,79.0,Yes,No,Low,5.6,No
P10786,55.0,Female,22.5,113.0,127.0,208.0,68.0,No,No,High,7.4,No
P10787,75.0,Male,27.0,127.0,109.0,218.0,84.0,Yes,No,High,5.1,No
P10788,41.0,Female,31.4,120.0,117.0,196.0,80.0,Yes,No,High,5.9,No
P10789,22.0,Female,29.7,141.0,106.0,196.0,69.0,No,Yes,High,7.0,No
P10790,58.0,Male,20.5,115.0,118.0,181.0,83.0,Yes,Yes,Low,8.6,No
P10791,37.0,Female,24.1,134.0,65.0,279.0,70.0,Yes,Yes,Moderate,7.4,No
P10792,60.0,Female,23.5,112.0,119.0,176.0,74.0,No,No,Low,6.7,Yes
P10793,26.0,Male,29.0,115.0,161.0,220.0,71.0,No,Yes,Moderate,7.1,No
P10794,35.0,Female,29.9,125.0,120.0,210.0,77.0,No,No,Moderate,8.1,Yes
P10795,42.0,Female,22.0,98.0,95.0,204.0,86.0,No,No,Moderate,7.5,Yes
P10796,70.0,Male,22.3,110.0,148.0,240.0,62.0,No,No,,8.3,No
P10797,52.0,Female,27.6,137.0,118.0,223.0,81.0,No,No,Moderate,,No
P10798,56.0,Male,25.2,113.0,120.0,136.0,74.0,No,No,Low,6.9,No
P10799,62.0,Male,22.5,102.0,168.0,139.0,68.0,No,No,Moderate,6.0,No
P10800,56.0,Male,24.1,101.0,123.0,183.0,63.0,Yes,No,Moderate,7.1,No
P10801,73.0,Female,29.1,125.0,89.0,255.0,84.0,No,No,Low,7.8,Yes
P10802,31.0,Female,24.6,115.0,83.0,275.0,72.0,Yes,No,Moderate,6.8,No
P10803,58.0,Male,25.7,124.0,142.0,189.0,79.0,Yes,Yes,Low,5.6,No
P10804,33.0,Male,22.5,85.0,65.0,205.0,80.0,Yes,Yes,High,7.1,No
P10805,53.0,Female,,111.0,93.0,160.0,93.0,Yes,Yes,Moderate,6.8,No
P10806,42.0,Female,23.8,111.0,88.0,215.0,93.0,No,No,Moderate,7.0,Yes
P10807,75.0,Male,27.5,135.0,,214.0,87.0,No,No,High,7.3,No
P10808,20.0,Female,27.1,137.0,102.0,179.0,87.0,No,Yes,Moderate,8.5,No
P10809,52.0,Male,24.4,134.0,114.0,198.0,101.0,No,Yes,Low,5.7,Yes
P10810,21.0,Female,22.2,91.0,65.0,221.0,81.0,Yes,No,Low,4.8,No
P10811,40.0,Male,25.9,137.0,93.0,267.0,84.0,Yes,Yes,Moderate,8.1,No
P10812,59.0,Male,24.8,142.0,107.0,276.0,83.0,No,No,Moderate,7.2,No
P10813,33.0,Male,31.1,111.0,107.0,301.0,70.0,No,No,High,6.1,No
P10814,37.0,Female,22.2,128.0,108.0,179.0,78.0,No,No,Low,5.8,No
P10815,60.0,Female,29.9,130.0,126.0,118.0,79.0,No,Yes,Low,6.0,No
P10816,63.0,Male,32.1,117.0,116.0,206.0,79.0,Yes,No,High,8.5,Yes
P10817,58.0,Male,29.4,125.0,148.0,159.0,79.0,No,No,Moderate,6.6,No
P10818,22.0,Female,29.8,110.0,92.0,222.0,76.0,No,Yes,Moderate,6.7,No
P10819,39.0,Male,25.1,126.0,104.0,189.0,85.0,No,No,Moderate,5.2,Yes
P10820,64.0,Male,28.5,121.0,95.0,174.0,64.0,No,No,Low,6.7,No
P10821,72.0,Female,28.5,127.0,155.0,200.0,82.0,No,No,Moderate,7.3,No
P10822,31.0,Female,18.6,153.0,146.0,241.0,69.0,,No,Low,8.4,No
P10823,42.0,Male,24.8,106.0,68.0,217.0,54.0,No,Yes,High,7.3,No
P10824,72.0,Male,20.6,142.0,70.0,202.0,60.0,No,No,Low,5.7,No
P10825,25.0,Male,17.4,125.0,135.0,171.0,76.0,No,Yes,High,4.8,Yes
P10826,75.0,Male,26.3,124.0,139.0,160.0,84.0,No,Yes,Low,6.8,No
P10827,41.0,Female,28.5,90.0,124.0,217.0,71.0,Yes,No,Low,8.1,No
P10828,61.0,Female,23.2,139.0,65.0,187.0,76.0,No,Yes,Moderate,5.7,Yes
P10829,45.0,Male,,105.0,91.0,165.0,82.0,No,No,Moderate,7.3,No
P10830,42.0,Male,29.1,108.0,88.0,223.0,73.0,No,No,High,5.6,No
P10831,41.0,Male,26.9,119.0,100.0,202.0,83.0,No,No,Moderate,9.7,No
P10832,19.0,Female,24.0,118.0,103.0,192.0,92.0,No,Yes,Low,6.3,No
P10833,75.0,Male,29.7,110.0,65.0,262.0,89.0,No,No,High,5.5,No
P10834,65.0,Female,34.9,147.0,88.0,178.0,69.0,No,No,Moderate,7.3,No
P10835,76.0,Female,16.6,134.0,92.0,239.0,65.0,No,No,Moderate,5.4,Yes
P10836,53.0,Male,30.0,162.0,65.0,208.0,98.0,Yes,Yes,Low,5.5,Yes
P10837,78.0,Male,20.9,112.0,158.0,219.0,90.0,No,No,Low,7.0,Yes
P10838,23.0,Female,30.5,111.0,158.0,207.0,93.0,No,No,High,8.5,Yes
P10839,40.0,Female,31.2,155.0,83.0,240.0,80.0,Yes,Yes,Low,6.4,Yes
P10840,53.0,Female,24.5,103.0,92.0,261.0,71.0,No,Yes,Low,6.3,No
P10841,48.0,Female,24.4,128.0,93.0,153.0,85.0,No,No,Moderate,4.7,No
P10842,18.0,Male,26.4,119.0,85.0,249.0,65.0,No,No,High,8.0,No
P10843,24.0,Male,27.1,120.0,125.0,192.0,74.0,No,No,Low,6.8,No
P10844,46.0,Female,25.5,101.0,75.0,216.0,83.0,No,Yes,Moderate,6.1,No
P10845,70.0,Male,32.0,113.0,136.0,214.0,80.0,No,No,Moderate,8.5,Yes
P10846,56.0,Male,19.0,155.0,127.0,183.0,68.0,No,No,Low,5.3,No
P10847,36.0,Male,24.1,126.0,108.0,181.0,83.0,No,No,Low,8.7,No
P10848,68.0,Female,29.6,148.0,167.0,210.0,74.0,No,No,High,5.9,Yes
P10849,74.0,Female,25.1,114.0,133.0,180.0,85.0,No,Yes,Moderate,8.3,No
P10850,36.0,Male,25.3,126.0,97.0,,74.0,Yes,No,Low,5.9,No
P10851,75.0,Male,25.1,134.0,102.0,146.0,76.0,No,Yes,Moderate,5.8,No
P10852,32.0,Male,31.1,134.0,143.0,196.0,66.0,Yes,No,Low,7.6,No
P10853,54.0,Male,,121.0,85.0,255.0,98.0,No,No,Low,7.0,No
P10854,,Female,20.1,125.0,76.0,196.0,94.0,No,No,Moderate,8.0,No
P10855,63.0,Male,21.0,142.0,133.0,167.0,68.0,No,No,Moderate,6.2,Yes
P10856,21.0,Male,24.5,129.0,130.0,200.0,72.0,No,Yes,High,6.6,No
P10857,21.0,Female,,96.0,86.0,164.0,91.0,No,Yes,Moderate,7.4,No
P10858,76.0,Female,30.9,114.0,166.0,232.0,65.0,Yes,Yes,Low,5.3,Yes
P10859,29.0,Female,25.9,106.0,96.0,207.0,88.0,No,No,Moderate,6.4,No
P10860,73.0,Female,32.8,97.0,140.0,193.0,86.0,No,No,Moderate,6.2,No
P10861,60.0,Male,35.5,137.0,123.0,229.0,72.0,No,Yes,Moderate,,No
P10862,55.0,Male,22.3,141.0,84.0,199.0,89.0,No,No,High,6.4,No
P10863,63.0,Female,27.3,112.0,105.0,176.0,81.0,No,,High,6.4,No
P10864,22.0,Female,31.5,119.0,65.0,190.0,79.0,No,No,Moderate,7.1,No
P10865,21.0,Female,27.6,156.0,138.0,173.0,81.0,No,No,Moderate,4.7,No
P10866,23.0,Male,28.2,122.0,111.0,161.0,80.0,Yes,Yes,Moderate,6.2,No
P10867,19.0,Male,24.3,123.0,138.0,225.0,65.0,No,No,Moderate,6.4,No
P10868,76.0,Female,23.9,129.0,84.0,177.0,78.0,No,No,High,7.2,No
P10869,46.0,Female,27.5,145.0,103.0,179.0,75.0,No,No,Low,6.2,No
P10870,25.0,Female,31.3,132.0,67.0,236.0,74.0,No,No,Moderate,6.1,No
P10871,37.0,Female,21.5,141.0,87.0,151.0,82.0,,Yes,Moderate,4.9,No
P10872,27.0,Female,25.9,109.0,132.0,171.0,73.0,No,No,Moderate,7.1,No
P10873,74.0,Female,35.2,138.0,125.0,181.0,79.0,No,Yes,Low,5.6,Yes
P10874,67.0,Male,25.6,123.0,149.0,262.0,84.0,No,No,High,8.0,Yes
P10875,18.0,Female,27.4,111.0,141.0,,69.0,No,No,High,7.5,No
P10876,36.0,Male,30.4,133.0,114.0,209.0,76.0,No,Yes,Moderate,5.3,No
P10877,59.0,Male,29.3,165.0,65.0,204.0,67.0,No,No,Low,6.6,No
P10878,43.0,Female,25.8,128.0,152.0,155.0,74.0,No,Yes,Low,8.3,No
P10879,32.0,Male,25.5,141.0,115.0,216.0,86.0,No,No,High,6.6,No
P10880,43.0,Male,33.9,120.0,204.0,234.0,82.0,No,No,Low,7.8,No
P10881,44.0,Male,22.0,99.0,165.0,267.0,58.0,Yes,No,Low,6.3,No
P10882,62.0,Female,20.1,133.0,128.0,195.0,67.0,No,No,Moderate,7.5,No
P10883,52.0,Male,31.9,108.0,116.0,225.0,81.0,No,Yes,Moderate,3.8,Yes
P10884,47.0,Female,32.6,121.0,100.0,237.0,47.0,No,No,High,7.7,No
P10885,56.0,Male,21.9,156.0,77.0,205.0,72.0,No,No,Moderate,4.7,No
P10886,69.0,Female,30.8,95.0,90.0,282.0,64.0,Yes,No,Moderate,,No
P10887,23.0,Female,28.3,130.0,108.0,277.0,76.0,No,Yes,Moderate,6.6,No
P10888,49.0,Female,,133.0,77.0,258.0,52.0,No,Yes,Moderate,8.1,No
P10889,65.0,Male,27.2,129.0,100.0,155.0,72.0,No,Yes,Moderate,5.9,No
P10890,36.0,Female,35.5,115.0,141.0,193.0,75.0,No,No,Low,7.4,No
P10891,72.0,Male,30.2,127.0,79.0,232.0,56.0,No,No,High,6.5,Yes
P10892,30.0,Male,29.5,109.0,102.0,206.0,81.0,No,No,Moderate,9.2,No
P10893,20.0,Female,29.2,149.0,100.0,139.0,80.0,No,Yes,Low,5.1,No
P10894,65.0,Female,23.8,127.0,113.0,212.0,84.0,Yes,No,High,9.6,No
P10895,66.0,Female,25.2,145.0,81.0,280.0,64.0,No,No,Moderate,6.8,No
P10896,31.0,Male,26.0,120.0,96.0,266.0,79.0,No,No,Moderate,7.5,Yes
P10897,80.0,Female,22.5,138.0,65.0,236.0,75.0,No,Yes,Low,,No
P10898,56.0,Female,29.3,135.0,103.0,207.0,85.0,Yes,Yes,Moderate,6.4,No
P10899,20.0,Male,32.2,106.0,129.0,204.0,83.0,Yes,No,Moderate,6.9,No
P10900,55.0,Female,26.3,150.0,129.0,215.0,70.0,No,Yes,,6.4,No
P10901,39.0,Female,22.8,168.0,142.0,185.0,77.0,No,Yes,Low,8.3,Yes
P10902,78.0,Male,22.9,141.0,78.0,186.0,83.0,Yes,Yes,High,8.4,No
P10903,35.0,Female,34.4,103.0,117.0,210.0,74.0,No,Yes,Moderate,6.4,No
P10904,23.0,Male,23.9,111.0,,282.0,84.0,No,No,Moderate,7.7,No
P10905,73.0,Male,20.9,89.0,101.0,226.0,80.0,No,No,Moderate,7.8,No
P10906,31.0,Female,19.6,111.0,118.0,213.0,78.0,Yes,No,Moderate,6.4,No
P10907,38.0,Male,24.4,153.0,111.0,245.0,70.0,No,No,Moderate,8.7,No
P10908,59.0,Female,32.5,141.0,,268.0,67.0,No,No,High,7.3,No
P10909,38.0,Male,32.7,109.0,158.0,248.0,54.0,No,No,Low,6.2,No
P10910,38.0,Male,29.6,104.0,157.0,165.0,54.0,No,No,Moderate,7.3,No
P10911,49.0,Female,23.2,114.0,72.0,270.0,61.0,No,Yes,High,4.9,No
P10912,26.0,Male,30.7,142.0,126.0,237.0,77.0,Yes,No,Moderate,6.2,Yes
P10913,52.0,Female,25.8,132.0,310.0,157.0,68.0,No,No,Moderate,9.0,No
P10914,74.0,Female,29.7,148.0,133.0,191.0,72.0,No,No,Low,6.9,Yes
P10915,,Female,37.2,114.0,86.0,121.0,78.0,Yes,Yes,High,7.1,No
P10916,64.0,Female,25.7,126.0,74.0,173.0,50.0,No,No,Low,6.5,No
P10917,55.0,Female,20.2,113.0,124.0,201.0,73.0,No,No,Moderate,5.9,No
P10918,32.0,Male,35.9,121.0,93.0,215.0,97.0,Yes,No,Low,6.0,Yes
P10919,72.0,Male,26.0,119.0,117.0,189.0,74.0,No,No,Moderate,10.0,Yes
P10920,23.0,Male,25.9,120.0,96.0,211.0,67.0,No,Yes,Low,6.5,No
P10921,62.0,Female,18.9,134.0,76.0,184.0,70.0,No,No,Low,6.8,No
P10922,71.0,Female,30.4,117.0,65.0,220.0,63.0,No,No,Moderate,6.2,No
P10923,47.0,Male,31.9,122.0,139.0,203.0,79.0,No,No,Low,6.1,No
P10924,53.0,Female,28.1,110.0,119.0,226.0,98.0,No,,Moderate,6.4,No
P10925,69.0,Male,32.1,144.0,65.0,239.0,97.0,No,No,High,8.0,Yes
P10926,76.0,Female,24.9,152.0,76.0,232.0,55.0,No,Yes,Moderate,4.6,No
P10927,20.0,Female,33.3,156.0,101.0,194.0,70.0,Yes,No,Moderate,6.1,Yes
P10928,50.0,Female,30.6,138.0,148.0,137.0,84.0,No,No,Moderate,8.4,No
P10929,43.0,Male,35.4,124.0,130.0,222.0,,No,Yes,Low,5.7,Yes
P10930,,Female,18.9,110.0,133.0,149.0,98.0,No,No,Moderate,8.6,No
P10931,72.0,Female,20.9,108.0,120.0,233.0,65.0,Yes,No,Moderate,6.5,No
P10932,26.0,Female,31.2,123.0,108.0,248.0,84.0,No,No,Low,4.8,No
P10933,39.0,Female,28.7,105.0,112.0,241.0,72.0,No,No,Low,7.7,No
P10934,44.0,Male,22.5,137.0,121.0,250.0,67.0,No,No,Low,4.6,No
P10935,32.0,Female,27.4,129.0,91.0,244.0,53.0,No,No,Moderate,7.0,No
P10936,61.0,Male,31.4,103.0,65.0,170.0,77.0,Yes,No,Moderate,7.4,No
P10937,58.0,Male,32.4,121.0,120.0,154.0,85.0,No,Yes,Moderate,7.3,No
P10938,18.0,Male,28.2,138.0,103.0,119.0,83.0,Yes,No,Moderate,6.5,No
P10939,27.0,Female,27.4,143.0,65.0,207.0,84.0,No,No,Moderate,8.3,No
P10940,42.0,Female,29.2,128.0,101.0,220.0,78.0,No,No,Low,6.1,No
P10941,73.0,Female,26.7,135.0,143.0,216.0,79.0,No,No,,8.5,No
P10942,43.0,Male,36.2,130.0,81.0,200.0,90.0,No,No,Low,6.0,No
P10943,44.0,Female,24.9,118.0,98.0,240.0,54.0,No,No,Moderate,6.9,No
P10944,60.0,Female,27.1,127.0,94.0,214.0,88.0,No,No,High,6.0,No
P10945,67.0,Male,26.1,127.0,82.0,142.0,76.0,No,Yes,Moderate,5.6,No
P10946,,Male,,116.0,87.0,149.0,61.0,Yes,No,High,5.9,No
P10947,60.0,Female,24.4,129.0,102.0,250.0,79.0,Yes,Yes,Moderate,5.0,Yes
P10948,73.0,Female,31.2,125.0,134.0,222.0,55.0,Yes,No,Moderate,6.8,Yes
P10949,74.0,Female,26.7,131.0,111.0,147.0,84.0,No,No,Low,5.0,No
P10950,38.0,Male,24.8,125.0,134.0,252.0,73.0,No,No,Moderate,7.3,Yes
P10951,66.0,Female,16.9,125.0,102.0,187.0,66.0,No,Yes,Low,8.7,No
P10952,70.0,Male,26.7,96.0,111.0,248.0,,No,Yes,High,6.7,No
P10953,27.0,Female,35.0,162.0,65.0,186.0,54.0,No,No,High,8.4,No
P10954,70.0,Male,23.6,136.0,121.0,247.0,93.0,Yes,No,Moderate,5.8,Yes
P10955,76.0,Male,16.0,132.0,135.0,232.0,86.0,Yes,No,Moderate,6.8,Yes
P10956,73.0,Male,28.3,153.0,110.0,185.0,62.0,No,No,Low,6.4,No
P10957,72.0,Female,21.1,141.0,139.0,185.0,73.0,Yes,Yes,Moderate,7.4,Yes
P10958,34.0,Male,18.3,133.0,143.0,254.0,62.0,No,Yes,High,9.3,No
P10959,49.0,Male,,135.0,113.0,216.0,63.0,No,No,High,6.6,Yes
P10960,70.0,Male,20.4,152.0,122.0,161.0,102.0,Yes,Yes,Low,5.9,Yes
P10961,23.0,Male,31.8,129.0,166.0,165.0,66.0,No,No,Low,8.3,No
P10962,32.0,Female,27.8,104.0,85.0,184.0,77.0,No,No,Moderate,,No
P10963,31.0,Female,29.7,101.0,120.0,196.0,86.0,No,No,Moderate,7.4,Yes
P10964,43.0,Male,23.7,147.0,163.0,156.0,72.0,No,Yes,Moderate,8.4,No
P10965,25.0,Female,26.2,122.0,90.0,268.0,68.0,No,No,Moderate,8.0,No
P10966,29.0,Female,24.0,134.0,165.0,166.0,77.0,Yes,No,Moderate,7.8,No
P10967,80.0,Male,27.9,124.0,113.0,162.0,75.0,No,No,High,4.8,No
P10968,48.0,Male,16.0,132.0,90.0,132.0,65.0,No,No,Moderate,8.9,No
P10969,69.0,Male,,112.0,127.0,196.0,77.0,No,No,Low,9.9,No
P10970,22.0,Male,31.5,133.0,133.0,190.0,64.0,Yes,No,High,6.0,No
P10971,21.0,Female,34.7,89.0,96.0,230.0,71.0,Yes,No,High,6.3,No
P10972,78.0,Female,30.5,121.0,116.0,184.0,78.0,No,No,,7.1,No
P10973,78.0,Female,27.2,103.0,99.0,200.0,88.0,No,No,Low,6.8,No
P10974,18.0,Male,18.3,125.0,93.0,196.0,69.0,No,No,Moderate,7.2,No
P10975,33.0,Female,27.2,126.0,122.0,202.0,61.0,No,Yes,Low,7.7,No
P10976,49.0,Male,17.1,122.0,139.0,187.0,75.0,No,No,High,6.9,No
P10977,58.0,Female,22.2,127.0,86.0,177.0,80.0,No,Yes,Moderate,8.3,Yes
P10978,70.0,Male,25.5,97.0,105.0,209.0,86.0,No,No,High,5.9,No
P10979,18.0,Male,25.2,108.0,170.0,244.0,75.0,No,No,Moderate,7.8,Yes
P10980,26.0,Female,30.7,121.0,127.0,298.0,64.0,No,No,Moderate,7.9,No
P10981,19.0,Male,25.1,131.0,66.0,161.0,64.0,No,No,High,7.6,No
P10982,55.0,Female,20.4,129.0,133.0,167.0,60.0,No,Yes,Low,7.7,No
P10983,52.0,Male,24.1,97.0,,197.0,76.0,No,No,Low,7.4,No
P10984,51.0,Male,22.8,145.0,65.0,235.0,64.0,No,No,Moderate,6.3,No
P10985,30.0,Female,31.7,123.0,108.0,211.0,70.0,Yes,No,Moderate,6.7,No
P10986,,Male,19.4,150.0,151.0,179.0,,No,No,Moderate,5.4,No
P10987,75.0,Male,24.1,135.0,138.0,234.0,70.0,No,No,Low,8.9,Yes
P10988,62.0,Male,30.8,143.0,152.0,151.0,76.0,Yes,No,High,5.4,Yes
P10989,80.0,Female,22.3,133.0,134.0,188.0,77.0,No,No,Moderate,7.5,No
P10990,69.0,Male,28.3,117.0,100.0,170.0,64.0,No,No,Moderate,6.2,No
P10991,23.0,Male,26.6,120.0,,164.0,69.0,No,No,High,7.8,No
P10992,67.0,Male,24.8,138.0,162.0,151.0,82.0,No,No,Moderate,6.5,Yes
P10993,56.0,Male,18.0,119.0,170.0,177.0,62.0,No,No,Moderate,9.8,Yes
P10994,54.0,Female,26.6,94.0,65.0,175.0,89.0,Yes,No,Moderate,7.7,No
P10995,30.0,Female,23.9,124.0,119.0,143.0,82.0,No,Yes,Low,7.6,No
P10996,40.0,Male,27.8,128.0,90.0,145.0,83.0,Yes,No,High,6.5,No
P10997,40.0,Female,19.4,132.0,138.0,172.0,71.0,No,No,Moderate,6.3,No
P10998,24.0,Female,29.0,136.0,130.0,220.0,66.0,Yes,No,Moderate,5.9,Yes
P10999,39.0,Female,29.6,156.0,110.0,156.0,81.0,No,No,High,7.9,No
P11000,28.0,Male,33.2,100.0,89.0,216.0,99.0,Yes,No,Moderate,5.8,No
P11001,46.0,Female,24.1,153.0,123.0,202.0,85.0,No,No,Moderate,7.6,No
P11002,72.0,Female,23.1,136.0,108.0,219.0,,No,No,Low,6.3,Yes
P11003,64.0,Male,30.8,124.0,114.0,138.0,55.0,No,No,Moderate,,No
P11004,34.0,Female,21.4,103.0,106.0,168.0,72.0,No,Yes,High,5.8,No
P11005,54.0,Male,22.3,125.0,120.0,224.0,70.0,Yes,No,Moderate,7.0,No
P11006,74.0,Male,25.0,134.0,111.0,276.0,63.0,No,No,Low,5.5,Yes
P11007,77.0,Male,21.0,124.0,134.0,177.0,68.0,No,No,Low,7.0,Yes
P11008,,Female,33.4,117.0,65.0,136.0,90.0,No,No,Moderate,6.4,Yes
P11009,37.0,Female,31.1,115.0,103.0,213.0,67.0,No,No,Low,6.0,No
P11010,21.0,Female,16.0,112.0,96.0,255.0,78.0,No,Yes,High,6.4,No
P11011,66.0,Male,16.2,134.0,120.0,208.0,88.0,No,Yes,Moderate,,No
P11012,36.0,Female,23.4,133.0,135.0,175.0,86.0,No,No,High,5.2,Yes
P11013,40.0,Female,28.9,140.0,116.0,176.0,84.0,No,Yes,High,6.3,No
P11014,42.0,Male,29.8,112.0,112.0,240.0,64.0,No,No,Moderate,3.5,No
P11015,24.0,Male,33.3,146.0,95.0,297.0,81.0,No,Yes,Moderate,8.9,No
P11016,24.0,Male,27.9,164.0,132.0,256.0,51.0,Yes,No,Moderate,8.3,Yes
P11017,54.0,Male,21.4,126.0,165.0,226.0,61.0,No,No,Low,7.7,No
P11018,45.0,Female,28.5,142.0,123.0,220.0,82.0,Yes,No,High,7.4,No
P11019,38.0,Female,20.9,103.0,117.0,198.0,85.0,Yes,No,Low,6.8,No
P11020,68.0,Male,22.5,162.0,123.0,207.0,85.0,Yes,No,Moderate,8.4,Yes
P11021,31.0,Female,18.8,134.0,94.0,197.0,78.0,No,No,Low,6.5,No
P11022,44.0,Female,22.2,144.0,87.0,132.0,83.0,Yes,No,Moderate,6.3,No
P11023,37.0,Female,23.5,129.0,85.0,110.0,71.0,No,No,Low,6.3,No
P11024,49.0,Female,23.7,99.0,115.0,220.0,62.0,Yes,No,Moderate,8.4,No
P11025,26.0,Female,35.0,132.0,131.0,195.0,78.0,No,Yes,Moderate,7.1,Yes
P11026,80.0,Male,27.0,124.0,118.0,175.0,90.0,No,No,Moderate,8.0,Yes
P11027,36.0,Female,28.2,139.0,100.0,208.0,94.0,No,Yes,Low,7.6,No
P11028,31.0,Female,27.2,111.0,128.0,208.0,82.0,No,No,Moderate,9.5,No
P11029,62.0,Male,34.1,85.0,100.0,162.0,60.0,Yes,No,Moderate,5.2,No
P11030,52.0,Female,21.9,123.0,120.0,155.0,77.0,No,Yes,High,6.1,No
P11031,64.0,Female,30.1,119.0,93.0,230.0,74.0,No,No,High,6.3,No
P11032,80.0,Male,22.4,136.0,120.0,163.0,68.0,,No,Low,7.5,No
P11033,61.0,Male,25.8,110.0,82.0,206.0,78.0,No,Yes,Moderate,7.3,No
P11034,49.0,Male,28.9,118.0,65.0,202.0,67.0,No,Yes,Low,7.1,No
P11035,38.0,Female,20.0,118.0,125.0,188.0,72.0,No,No,Low,7.2,No
P11036,55.0,Male,24.6,112.0,151.0,190.0,85.0,No,No,Moderate,6.6,No
P11037,75.0,Male,26.5,133.0,96.0,198.0,62.0,No,Yes,Moderate,7.6,No
P11038,52.0,Female,28.9,120.0,65.0,197.0,85.0,No,Yes,Moderate,7.5,No
P11039,52.0,Female,25.4,116.0,143.0,155.0,70.0,Yes,No,Low,9.0,No
P11040,25.0,Female,40.0,113.0,114.0,192.0,78.0,No,No,Low,7.6,No
P11041,45.0,Female,35.5,119.0,179.0,225.0,95.0,Yes,Yes,High,7.7,Yes
P11042,63.0,Female,16.0,149.0,153.0,262.0,69.0,No,No,Moderate,6.2,Yes
P11043,69.0,Male,27.1,120.0,94.0,255.0,73.0,Yes,No,Moderate,7.3,No
P11044,75.0,Male,29.2,114.0,108.0,110.0,85.0,Yes,No,Low,6.0,No
P11045,58.0,Female,28.1,126.0,124.0,238.0,82.0,No,No,Low,7.9,No
P11046,76.0,Female,33.2,137.0,91.0,201.0,102.0,No,No,Moderate,8.9,Yes
P11047,21.0,Female,16.0,124.0,156.0,159.0,85.0,No,Yes,Moderate,7.9,No
P11048,54.0,Male,21.3,131.0,129.0,192.0,76.0,No,No,Moderate,7.5,Yes
P11049,34.0,Female,33.9,134.0,86.0,250.0,,No,No,Moderate,6.2,Yes
P11050,40.0,Male,32.3,136.0,151.0,208.0,79.0,No,Yes,Moderate,6.8,No
P11051,77.0,Female,37.5,128.0,71.0,184.0,100.0,No,No,Moderate,7.9,No
P11052,60.0,Male,,102.0,128.0,171.0,80.0,No,No,Low,7.6,No
P11053,45.0,Male,20.3,122.0,72.0,193.0,63.0,Yes,Yes,Low,5.7,No
P11054,77.0,Male,31.5,114.0,140.0,189.0,73.0,No,No,Moderate,6.2,Yes
P11055,43.0,Female,25.1,136.0,86.0,163.0,69.0,No,Yes,Low,4.2,No
P11056,79.0,Female,27.5,145.0,94.0,138.0,79.0,No,,Low,7.5,No
P11057,36.0,Female,26.8,118.0,119.0,163.0,73.0,No,Yes,Moderate,7.7,No
P11058,35.0,Female,24.3,136.0,120.0,211.0,69.0,No,No,Low,5.6,No
P11059,58.0,Female,24.1,130.0,121.0,114.0,64.0,No,No,Low,7.4,No
P11060,76.0,Male,30.2,120.0,113.0,162.0,73.0,Yes,No,Moderate,6.0,Yes
P11061,22.0,Female,23.9,146.0,80.0,291.0,81.0,No,No,Moderate,6.1,Yes
P11062,64.0,Female,27.5,117.0,103.0,221.0,87.0,Yes,No,Moderate,8.6,No
P11063,44.0,Male,28.8,113.0,109.0,273.0,70.0,Yes,Yes,High,7.8,No
P11064,72.0,Female,23.9,110.0,119.0,240.0,88.0,No,Yes,High,5.5,Yes
P11065,67.0,Female,25.1,141.0,92.0,241.0,53.0,No,Yes,Low,6.3,No
P11066,28.0,Female,32.0,112.0,132.0,230.0,94.0,No,No,High,7.6,Yes
P11067,60.0,Female,18.3,112.0,96.0,180.0,57.0,No,Yes,Moderate,8.4,No
P11068,79.0,Female,23.3,141.0,89.0,210.0,68.0,No,No,Low,6.5,Yes
P11069,,Female,20.1,130.0,80.0,259.0,74.0,No,No,Moderate,7.1,No
P11070,65.0,Female,27.5,122.0,80.0,212.0,69.0,No,Yes,High,7.5,No
P11071,24.0,Female,39.5,110.0,78.0,190.0,98.0,No,Yes,Moderate,6.4,No
P11072,28.0,Male,20.6,128.0,89.0,198.0,69.0,No,No,Moderate,6.0,No
P11073,34.0,Male,32.4,107.0,152.0,257.0,97.0,No,No,High,7.0,No
P11074,52.0,Female,33.3,127.0,109.0,151.0,45.0,No,Yes,Low,5.7,No
P11075,67.0,Female,16.2,126.0,162.0,274.0,52.0,No,No,Moderate,9.0,No
P11076,25.0,Female,20.1,123.0,65.0,191.0,77.0,No,No,Moderate,7.2,No
P11077,20.0,Female,26.4,127.0,132.0,194.0,62.0,No,No,High,5.6,No
P11078,63.0,Female,21.8,134.0,129.0,183.0,58.0,No,No,Low,5.6,No
P11079,38.0,Male,27.8,95.0,65.0,207.0,71.0,No,No,High,7.4,No
P11080,55.0,Male,33.1,,114.0,205.0,69.0,Yes,Yes,,7.7,Yes
P11081,44.0,Female,29.9,136.0,114.0,217.0,68.0,Yes,No,Moderate,5.4,Yes
P11082,54.0,Male,25.6,122.0,120.0,185.0,69.0,No,Yes,High,6.6,No
P11083,38.0,Male,29.2,138.0,90.0,157.0,75.0,No,No,Moderate,7.3,No
P11084,71.0,Female,28.2,151.0,122.0,175.0,81.0,No,Yes,Moderate,8.1,Yes
P11085,25.0,Male,20.4,149.0,139.0,162.0,84.0,No,No,Moderate,8.2,No
P11086,66.0,Female,23.6,,78.0,145.0,75.0,No,No,Low,6.9,Yes
P11087,44.0,Female,28.7,126.0,97.0,218.0,60.0,Yes,Yes,Moderate,4.3,No
P11088,23.0,Male,26.2,143.0,126.0,218.0,65.0,Yes,Yes,Low,6.5,No
P11089,74.0,Female,28.0,115.0,81.0,130.0,69.0,No,No,High,7.1,No
P11090,66.0,Female,30.8,127.0,134.0,155.0,83.0,No,Yes,Moderate,6.3,No
P11091,27.0,Male,16.0,120.0,109.0,240.0,63.0,No,No,Moderate,7.6,Yes
P11092,52.0,Female,33.6,117.0,136.0,222.0,86.0,No,Yes,Low,6.8,No
P11093,27.0,Male,17.3,112.0,65.0,249.0,60.0,No,Yes,Moderate,5.4,No
P11094,29.0,Male,26.6,131.0,137.0,166.0,76.0,No,No,Low,4.4,No
P11095,36.0,Male,27.2,100.0,123.0,110.0,71.0,No,No,Low,5.8,No
P11096,39.0,Male,25.8,93.0,128.0,134.0,83.0,No,No,Low,5.9,No
P11097,80.0,Female,27.4,140.0,87.0,213.0,87.0,No,Yes,Low,7.5,Yes
P11098,50.0,Male,23.8,131.0,158.0,149.0,74.0,No,No,Low,7.6,No
P11099,44.0,Female,23.0,137.0,86.0,257.0,70.0,,No,Moderate,8.1,No
P11100,72.0,Female,26.0,122.0,136.0,200.0,85.0,No,No,Low,5.8,No
P11101,20.0,Female,27.3,132.0,106.0,217.0,68.0,,No,Low,8.1,No
P11102,73.0,Male,23.2,116.0,65.0,225.0,79.0,No,Yes,Moderate,6.9,No
P11103,20.0,Female,28.0,116.0,128.0,242.0,77.0,No,No,Moderate,5.6,No
P11104,24.0,Female,22.3,106.0,110.0,205.0,70.0,No,No,Moderate,7.9,Yes
P11105,20.0,Male,23.7,153.0,86.0,216.0,68.0,Yes,Yes,Moderate,7.9,No
P11106,45.0,Female,25.3,109.0,104.0,128.0,,Yes,Yes,High,8.4,No
P11107,,Male,28.6,149.0,191.0,157.0,79.0,No,No,High,5.8,No
P11108,71.0,Female,25.0,105.0,88.0,218.0,64.0,No,Yes,Moderate,,No
P11109,22.0,Female,28.3,110.0,,206.0,61.0,No,Yes,Moderate,8.3,No
P11110,55.0,Female,34.2,143.0,104.0,186.0,87.0,No,Yes,High,5.7,Yes
P11111,77.0,Female,24.2,133.0,114.0,171.0,97.0,No,Yes,Low,7.0,No
P11112,71.0,Male,32.7,131.0,137.0,228.0,74.0,No,No,High,9.0,Yes
P11113,35.0,Female,20.1,109.0,137.0,209.0,74.0,No,No,High,6.3,Yes
P11114,55.0,Male,29.5,139.0,121.0,186.0,85.0,No,Yes,Moderate,6.5,Yes
P11115,40.0,Female,25.5,110.0,78.0,279.0,69.0,No,No,Moderate,6.8,No
P11116,32.0,Female,36.6,129.0,117.0,189.0,62.0,Yes,No,Moderate,7.6,Yes
P11117,73.0,Female,24.0,113.0,115.0,173.0,84.0,No,No,Low,8.6,No
P11118,49.0,Male,22.4,149.0,90.0,248.0,74.0,No,Yes,High,6.1,Yes
P11119,47.0,Female,31.5,130.0,76.0,164.0,90.0,No,No,Low,6.9,No
P11120,50.0,Male,28.4,145.0,145.0,174.0,78.0,Yes,No,Low,7.7,Yes
P11121,31.0,Female,26.8,122.0,73.0,215.0,84.0,No,No,Moderate,7.7,No
P11122,74.0,Male,16.0,113.0,129.0,265.0,69.0,Yes,No,High,7.2,Yes
P11123,55.0,Female,28.3,102.0,86.0,183.0,82.0,No,No,Low,6.7,No
P11124,40.0,Male,25.9,128.0,128.0,121.0,71.0,No,No,High,8.0,No
P11125,55.0,Male,26.8,143.0,65.0,246.0,86.0,No,No,Low,7.1,Yes
P11126,32.0,Male,22.7,133.0,135.0,200.0,92.0,Yes,No,High,6.2,No
P11127,48.0,Male,32.7,113.0,,238.0,74.0,No,No,Moderate,6.6,No
P11128,65.0,Male,26.3,117.0,80.0,220.0,73.0,No,Yes,Moderate,6.0,No
P11129,70.0,Male,25.2,117.0,168.0,251.0,56.0,No,No,Moderate,5.3,No
P11130,44.0,Male,18.9,124.0,107.0,206.0,96.0,Yes,No,Moderate,6.2,No
P11131,63.0,Female,25.4,135.0,115.0,131.0,98.0,No,Yes,Moderate,6.8,Yes
P11132,48.0,Female,21.1,126.0,113.0,198.0,90.0,No,No,High,7.7,No
P11133,22.0,Female,32.9,135.0,131.0,261.0,62.0,No,No,High,5.6,No
P11134,79.0,Male,27.5,131.0,92.0,269.0,75.0,No,No,High,8.5,No
P11135,72.0,Female,23.4,108.0,156.0,247.0,66.0,Yes,No,Low,3.6,No
P11136,60.0,Female,25.5,126.0,84.0,210.0,78.0,No,No,Moderate,6.0,No
P11137,21.0,Female,33.3,108.0,92.0,159.0,72.0,Yes,No,High,7.0,No
P11138,60.0,Male,27.0,126.0,114.0,261.0,73.0,No,No,Moderate,8.3,Yes
P11139,32.0,Male,26.3,131.0,172.0,162.0,52.0,No,No,Moderate,5.5,No
P11140,76.0,Female,35.3,112.0,94.0,202.0,75.0,Yes,No,Moderate,7.5,No
P11141,23.0,Female,28.1,103.0,120.0,192.0,86.0,No,Yes,Low,9.9,No
P11142,63.0,Female,30.7,127.0,95.0,221.0,71.0,No,No,Moderate,7.3,No
P11143,42.0,Female,24.7,122.0,86.0,224.0,64.0,Yes,No,Moderate,6.1,No
P11144,78.0,Female,24.5,143.0,117.0,311.0,66.0,No,No,Moderate,6.6,Yes
P11145,67.0,Male,30.4,114.0,153.0,260.0,69.0,No,No,High,7.4,No
P11146,57.0,Female,26.1,150.0,69.0,198.0,70.0,Yes,No,Moderate,5.5,Yes
P11147,50.0,Female,48.5,135.0,116.0,190.0,70.0,No,No,Moderate,6.2,No
P11148,55.0,Male,26.0,100.0,124.0,155.0,100.0,No,Yes,Moderate,6.8,No
P11149,56.0,Female,26.3,113.0,102.0,231.0,69.0,No,Yes,Moderate,6.1,No
P11150,35.0,Female,25.7,125.0,99.0,132.0,73.0,No,Yes,Moderate,7.5,No
P11151,51.0,Male,20.0,122.0,85.0,142.0,85.0,Yes,No,Moderate,7.7,No
P11152,32.0,Male,32.6,110.0,96.0,197.0,78.0,Yes,No,Low,7.8,No
P11153,35.0,Male,23.5,95.0,91.0,210.0,65.0,No,No,Moderate,9.2,No
P11154,51.0,Female,20.6,119.0,137.0,185.0,70.0,No,No,Moderate,7.6,No
P11155,57.0,Male,26.7,121.0,90.0,227.0,75.0,No,Yes,High,6.9,Yes
P11156,21.0,Female,23.2,133.0,118.0,185.0,80.0,No,Yes,Moderate,6.4,No
P11157,79.0,Female,32.4,127.0,146.0,257.0,62.0,No,No,Low,6.9,Yes
P11158,28.0,Male,29.4,107.0,79.0,219.0,85.0,Yes,No,Low,6.4,No
P11159,52.0,Female,23.5,136.0,81.0,186.0,86.0,No,,Moderate,8.1,No
P11160,62.0,Male,22.1,115.0,110.0,166.0,68.0,No,No,Moderate,9.7,No
P11161,34.0,Female,29.4,139.0,92.0,271.0,74.0,No,No,Low,6.8,No
P11162,60.0,Male,23.0,117.0,138.0,184.0,83.0,No,No,Moderate,8.4,No
P11163,49.0,Female,19.8,115.0,132.0,141.0,71.0,Yes,,Low,7.3,No
P11164,19.0,Female,18.4,124.0,118.0,227.0,50.0,Yes,No,Moderate,6.0,No
P11165,72.0,Male,29.7,136.0,144.0,179.0,66.0,Yes,Yes,Moderate,8.4,No
P11166,28.0,Male,18.8,128.0,100.0,293.0,105.0,No,No,Low,7.2,No
P11167,25.0,Male,20.7,103.0,112.0,182.0,66.0,No,No,Moderate,6.8,No
P11168,56.0,Female,29.6,140.0,144.0,149.0,73.0,Yes,No,Moderate,6.6,Yes
P11169,29.0,Male,30.2,113.0,181.0,142.0,98.0,No,No,Moderate,5.6,No
P11170,43.0,Female,20.7,101.0,97.0,125.0,70.0,No,No,Moderate,7.2,No
P11171,20.0,Male,23.4,97.0,99.0,230.0,69.0,Yes,Yes,Moderate,7.9,No
P11172,55.0,Male,31.0,145.0,156.0,275.0,65.0,No,No,Moderate,7.2,Yes
P11173,73.0,Female,27.3,148.0,111.0,212.0,82.0,No,No,Moderate,5.6,No
P11174,26.0,Female,24.1,115.0,66.0,191.0,65.0,Yes,No,Low,5.5,No
P11175,54.0,Male,26.9,119.0,122.0,160.0,86.0,Yes,Yes,High,10.3,No
P11176,72.0,Female,28.3,123.0,109.0,232.0,89.0,No,Yes,Low,6.6,No
P11177,31.0,Male,21.0,104.0,114.0,153.0,93.0,Yes,No,Low,6.7,No
P11178,34.0,Female,21.4,126.0,137.0,179.0,90.0,No,No,Moderate,8.3,No
P11179,46.0,Male,31.7,,94.0,189.0,73.0,No,Yes,Low,7.2,Yes
P11180,41.0,Male,34.7,117.0,93.0,245.0,59.0,No,No,Moderate,7.8,No
P11181,23.0,Female,30.7,128.0,88.0,232.0,66.0,No,Yes,Low,5.4,No
P11182,46.0,Male,25.4,117.0,146.0,258.0,101.0,No,No,Low,7.5,No
P11183,75.0,Male,23.1,140.0,119.0,292.0,76.0,No,No,Moderate,8.5,No
P11184,55.0,Male,26.6,109.0,65.0,196.0,83.0,No,No,Moderate,8.3,No
P11185,38.0,Female,31.4,117.0,138.0,280.0,60.0,No,No,Moderate,5.1,No
P11186,79.0,Female,32.4,147.0,122.0,264.0,89.0,No,Yes,High,8.1,No
P11187,23.0,Male,26.3,127.0,65.0,213.0,79.0,Yes,Yes,High,7.2,Yes
P11188,31.0,Male,28.3,162.0,159.0,260.0,68.0,No,Yes,Moderate,7.7,Yes
P11189,80.0,Female,19.4,136.0,165.0,244.0,87.0,No,No,Moderate,7.4,Yes
P11190,28.0,Male,25.7,143.0,113.0,269.0,81.0,No,No,Moderate,7.7,No
P11191,69.0,Male,33.4,134.0,129.0,110.0,52.0,No,Yes,,8.2,No
P11192,27.0,Female,25.7,112.0,97.0,167.0,,Yes,No,Low,7.7,No
P11193,32.0,Female,28.5,139.0,95.0,152.0,79.0,No,No,Low,5.6,No
P11194,66.0,Male,30.7,108.0,144.0,214.0,63.0,Yes,Yes,Moderate,8.5,No
P11195,59.0,Female,30.3,98.0,96.0,213.0,72.0,Yes,No,Moderate,7.4,No
P11196,42.0,Male,26.8,130.0,95.0,154.0,68.0,Yes,Yes,Low,,No
P11197,34.0,Male,23.7,140.0,123.0,176.0,90.0,No,No,Low,7.7,No
P11198,76.0,Male,16.0,144.0,67.0,208.0,83.0,No,No,Low,8.8,Yes
P11199,47.0,Female,20.8,131.0,96.0,196.0,75.0,No,No,Low,7.2,No
P11200,22.0,Male,24.9,123.0,133.0,202.0,77.0,No,No,Low,6.6,No
